书名,作者,归属场景
100 Things Every Designer Needs to Know About People,Susan Weinschenk,ui_ux_review
20世纪时尚史,—,fashion_styling
3D 渲染与工作站配置,专著,digital_office
3岁决定孩子的一生,蒙台梭利,child_education
4S店销售套路拆解,—,car_purchase
5 秒法则,梅尔·罗宾斯,time_productivity
A Is for Admission,Michele Hernández,study_abroad
A Manual of Style for Contract Drafting,Kenneth Adams,contract_review
A Mind for Numbers(学习之道),Barbara Oakley,career_transition;study_abroad
A Pattern Language,Christopher Alexander,construction_materials
A Practical Wedding Planner,Meg Keene,wedding_planning
A Practical Wedding(务实婚礼),Meg Keene,wedding_planning
A Rulebook for Arguments(论证规则),Anthony Weston,debate_speech
A Time of Gifts(在赠予的时光里),Patrick Leigh Fermor,travel_deep;travel_planning
A/B 测试与转化优化,专著,ecommerce_ops
AARRR 海盗指标实务,专著,data_analytics
AATCC/ISO 染色牢度测试标准,AATCC / ISO,textiles
ABRSM/RCM 考级曲目大纲,—,music_learning
ACSM 运动测试与运动处方指南,ACSM,chronic_disease;fitness_plan;health_checkup;nutrition_fitness
ADR 多元纠纷解决机制,专著,contract_review
AHA 婴幼儿心肺复苏指南,AHA,parenting_baby
AI Engineering,Chip Huyen,prompt_engineering
AI 红队测试手册,—,prompt_engineering
API RP 2A 海洋平台规范,API,shipbuilding_marine
AS9100 航空航天质量管理体系,—,aerospace
AUTOSAR架构,—,automotive
About Face 3/4(交互设计精髓),Alan Cooper,ui_ux_review
About Face 4:交互设计精髓,Alan Cooper 等,product_manager;ui_ux_review
About Face(交互设计精髓 英文原版),Alan Cooper,ui_ux_review
Accelerate,Forsgren 等,program_management
Actionable Gamification,Yu-kai Chou,board_game
Active Portfolio Management(主动投资组合管理),Grinold & Kahn,stock_trading
Advances in Financial Machine Learning,Marcos López de Prado,stock_trading
Aeroelasticity,Bisplinghoff,aerospace
Against the Gods(与天为敌·风险史),Peter Bernstein,contract_review
Agent 设计模式(ReAct/Reflexion 论文),—,prompt_engineering
Agile Estimating and Planning,Mike Cohn,product_manager
Aircraft Structures for Engineering Students,T.H.G. Megson,aerospace
Amazon SEO 与 A9 算法解析,专著,cross_border
American Accent Training,Ann Cook,language_learning
An Introduction to Combustion,Stephen R. Turns,aerospace
Analysis and Design of Flight Vehicle Structures,Bruhn,aerospace
Annals of the Former World(地质科普),约翰·麦克菲,mining_extraction
Anthropic Prompt Engineering Docs(官方),Anthropic,prompt_engineering
Antifragile,Nassim Taleb,career_transition;contract_review
Asking the Right Questions(学会提问),Browne & Keeley,debate_speech
Asset Allocation(资产配置),Roger Gibson,tax_insurance
Atomic Design,Brad Frost,ui_ux_review
Atomic Habits,James Clear,career_transition;time_productivity
Attached(依恋),Levine & Heller,mental_wellness
BGG 年度榜单整理,—,board_game
BIM 技术概论,专业教材,construction_materials
Bargaining for Advantage,Richard Shell,contract_review;dispute_rights
Biochemistry(Lehninger 生物化学原理),Nelson & Cox,pharma_biomfg
Bird by Bird(关于写作),Anne Lamott,study_abroad;writing_polish
Blue Ocean Strategy(蓝海战略),金/莫博涅,cross_border;ecommerce_ops
Bobby Fischer Teaches Chess,Bobby Fischer 等,board_game
Braunwald心脏病学,Braunwald,family_doctor
Build a Large Language Model (From Scratch),Sebastian Raschka,prompt_engineering
Building Blocks of Tabletop Game Design,Engelstein & Shalev,board_game
Building Construction Illustrated,Francis D.K. Ching,construction_materials
Building LLM Powered Applications,Valentina Alto,prompt_engineering
Building Microservices,Sam Newman,program_management
Building a StoryBrand(故事力品牌),Donald Miller,cross_border;ecommerce_ops;private_domain;resume_interview;seo_growth;short_video
CAN总线原理与应用,—,automotive
CCS 钢质海船入级规范,中国船级社,shipbuilding_marine
CE 机械指令,EU,machinery
CE/FCC/UL 产品认证指南,专著,cross_border
CFA Curriculum(三级),CFA Institute,learning_planning
CFA Schweser Notes,Kaplan,learning_planning
CMOS VLSI 设计,Weste & Harris,electronics_semiconductor
CPA 注册会计师统编教材,中注协,learning_planning
CRS 金融账户涉税信息自动交换标准,OECD,tax_insurance
CSS Secrets(CSS 揭秘),Lea Verou,ui_ux_review
CTD 申报资料撰写,—,pharma_biomfg
Characteristics of Games,"Elias, Garfield, Gutschera",board_game
Chemical Reaction Engineering,Levenspiel,chemical_industry
Child Development,Berk,child_education
Chip War(原版),Chris Miller,electronics_semiconductor
Clean Code,Robert C. Martin,product_manager;program_management
Code Complete,Steve McConnell,program_management
Code(编码:隐匿在计算机软硬件背后的语言),Charles Petzold,digital_office
College Essay Essentials,Ethan Sawyer,study_abroad
Colour Physics for Industry,Roderick McDonald,textiles
Common Data Set 院校录取数据,各院校官方,learning_planning
Complications(医生的修炼),Atul Gawande,family_doctor
Computer Organization and Design(计算机组成与设计),Patterson & Hennessy,digital_office
"Concrete: Microstructure, Properties, and Materials",Mehta & Monteiro,construction_materials
Construction Project Management,Gould,construction_materials
Consumer Reports 车评方法,—,car_purchase
Contagious(疯传),Jonah Berger,cross_border;ecommerce_ops;private_domain;seo_growth;short_video
Continuous Delivery,Humble & Farley,program_management
Cooking for Geeks,Jeff Potter,cooking_recipe
Core Web Vitals 官方文档,Google 官方,seo_growth
Cosmetic Dermatology(化妆品皮肤科学),Leslie Baumann,skincare_beauty
Coulson & Richardson's Chemical Engineering Design,Coulson & Richardson,chemical_industry
Cracking the Coding Interview,Gayle McDowell,resume_interview
Cracking the PM Interview,McDowell & Bavaro,resume_interview
Cradle to Cradle(从摇篮到摇篮),McDonough & Braungart,construction_materials
Cribsheet(育儿真相),Emily Oster,family_doctor
Crossing the Chasm(跨越鸿沟),Geoffrey Moore,cross_border;product_manager
Crucial Conversations(关键对话),Kerry Patterson 等,dispute_rights;presentation_skills
DNV/ABS 海洋平台规范,DNV / ABS,shipbuilding_marine
DO-178C 机载软件适航标准,—,aerospace
DSM-5 精神障碍诊断与统计手册,APA,family_doctor;mental_wellness
Database Internals,Alex Petrov,program_management
Deep Learning(花书),Goodfellow 等,prompt_engineering
Deep Work(深度工作),Cal Newport,time_productivity
Design Systems(实践指南),Alla Kholmatova,ui_ux_review
Design of Reinforced Concrete,McCormac,construction_materials
Designing Data-Intensive Applications(DDIA),Martin Kleppmann,data_analytics;product_manager;program_management;seo_growth
Designing Interfaces(交互设计模式),Jenifer Tidwell,ui_ux_review
Designing Machine Learning Systems,Chip Huyen,prompt_engineering
Designing Your Life,Burnett & Evans,career_transition
Difficult Conversations(高难度对话),Douglas Stone 等,dispute_rights
Digital Marketing,Dave Chaffey,seo_growth
Dirt 文明的侵蚀,戴维·蒙哥马利,modern_agriculture
Dirt: The Erosion of Civilizations(文明的侵蚀),戴维·蒙哥马利,modern_agriculture
Do No Harm(医生的抉择),Henry Marsh,family_doctor
Domain-Driven Design,Eric Evans,program_management
Don't Make Me Think(点石成金),Steve Krug,ecommerce_ops;product_manager;program_management;seo_growth;ui_ux_review
"Don't Make Me Think, Revisited(点石成金)",Steve Krug,ui_ux_review
Drafting Contracts,Tina Stark,contract_review
Dreyer's English,Benjamin Dreyer,writing_polish
Drive(驱动力),Daniel Pink,child_education
Dynamics of Offshore Structures,James Wilson,shipbuilding_marine
EDA 原理与算法,—,electronics_semiconductor
ETL 数据仓库技术,专著,data_analytics
"Eats, Shoots & Leaves(标点的艺术)",Lynne Truss,writing_polish
Elements of Chemical Reaction Engineering,H. Scott Fogler,chemical_industry
Eloquent JavaScript,Marijn Haverbeke,program_management
Empowered,Marty Cagan,product_manager
English Grammar in Use,Raymond Murphy,language_learning
English Idioms in Use,剑桥,language_learning
English Pronunciation in Use,剑桥,language_learning
Escaping the Build Trap,Melissa Perri,product_manager
Essentialism(精要主义),Greg McKeown,time_productivity
Essentials of Classic Italian Cooking,Marcella Hazan,cooking_recipe
Eurogames,Stewart Woods,board_game
Evaluating Machine Learning Models,Alice Zheng (O'Reilly),prompt_engineering
Everybody Writes,Ann Handley,seo_growth;writing_polish
FMEA 失效模式与影响分析,—,aerospace
FMEA 潜在失效模式与影响分析,—,machinery
FTA 故障树分析,—,aerospace
FTO自由实施分析实务,—,ip_patent
Face Forward,Kevyn Aucoin,skincare_beauty
Fashionopolis(快时尚的代价),Dana Thomas,textiles
Fatigue Handbook,Almar-Næss,shipbuilding_marine
Fitzpatrick皮肤病学,费茨帕特里克,skincare_beauty
Flow(心流),Mihaly Csikszentmihalyi,time_productivity
Fluent Forever 流利永久,加布里埃尔·怀纳,language_learning
Four Thousand Weeks(四千周/时间观),Oliver Burkeman,time_productivity;travel_deep;travel_planning
Full Catastrophe Living(多舛的生命·正念减压),Jon Kabat-Zinn,sleep_health
Fundamentals of Aerodynamics,J.D. Anderson,aerospace
Fundamentals of Power Electronics,Erickson,energy_power
Fundamentals of Software Architecture,Richards & Ford,program_management
Fundamentals of Vehicle Dynamics,Thomas D. Gillespie,automotive
GA4 官方文档,Google 官方,seo_growth
GB 18401 国家纺织产品基本安全技术规范,国标,textiles
GB 31701 婴幼儿及儿童纺织产品安全规范,国标,textiles
GMAT Official Guide,GMAC 官方,study_abroad
GPS原理与应用,—,aerospace
GRE 3000 核心词汇,陈琦 等,learning_planning
GRE General Test 官方指南,ETS 官方,study_abroad
GRE 官方指南,ETS,language_learning
GRE/SAT 官方指南,ETS/College Board,learning_planning
Gas Turbine Theory,"Cohen, Rogers, Saravanamuttoo",aerospace
Getting Past No(突破拒绝),威廉·尤里,contract_review;dispute_rights
Getting Things Done(搞定/GTD),David Allen,time_productivity
Getting to Yes,"Fisher, Ury & Patton",car_purchase;contract_review
Give and Take,亚当·格兰特,career_transition
Good Charts(HBR),Scott Berinato,presentation_skills
Goodman & Gilman 治疗学的药理学基础,Brunton 等,pharma_biomfg
Goodman & Gilman 药理学基础,—,chronic_disease
Google EEAT 质量评估指南,Google 官方,seo_growth
Google SEO入门指南,Google 官方,seo_growth
Google 软件测试之道,Whittaker 等,program_management
Google 链接最佳实践/垃圾链接政策,Google 官方,seo_growth
Grit(坚毅),Angela Duckworth,child_education
HACCP 与厨房卫生管理,专著,cooking_recipe
HACCP 原理与应用,—,food_processing
HAZOP 分析方法与应用,—,chemical_industry
HELM/MMLU 评测基准文档,Stanford CRFM 等,prompt_engineering
HVAC Systems Design Handbook,专著,construction_materials
Hacking Growth(增长黑客 英文),Sean Ellis,private_domain
Handbook of Offshore Engineering,Subrata Chakrabarti,shipbuilding_marine
Handbook of Textile Fibres,J. Gordon Cook,textiles
Hands-On Large Language Models,Alammar & Grootendorst,prompt_engineering
Hands-On Machine Learning(2nd),Aurélien Géron,prompt_engineering
Hazzard 老年医学,Halter 等,elder_care
High Output Management(格鲁夫给经理人的第一课),安迪·格鲁夫,startup_advisory
High Performance Browser Networking,Ilya Grigorik,program_management;seo_growth
Hobby Games: The 100 Best,—,board_game
Home Buying Kit For Dummies,Tyson & Brown,rent_buy_house
Hooked(上瘾),Nir Eyal,cross_border;ecommerce_ops;seo_growth;short_video;time_productivity;ui_ux_review
How Buildings Learn,Stewart Brand,construction_materials
How Languages are Learned,Lightbown & Spada,language_learning
How Not to Die,Michael Greger,chronic_disease;cooking_recipe;dining_recommendation
How Not to Die 救命饮食,迈克尔·格雷格,health_checkup
How to Lie with Statistics(统计数字会撒谎),Darrell Huff,data_analytics
How to Measure Anything(数据化决策),Douglas Hubbard,data_analytics
How to Speak Cat,National Geographic,pet_care
How to Take Smart Notes(卡片笔记写作法),Sönke Ahrens,time_productivity
How to Talk So Kids Will Listen,Faber & Mazlish,child_education
How to Win Every Argument(如何反驳每一种论证),Madsen Pirie,debate_speech
How to Win Friends and Influence People(人性的弱点),戴尔·卡耐基,debate_speech
How to Win Friends(人性的弱点),戴尔·卡耐基,debate_speech
Human Compatible,Stuart Russell,prompt_engineering
Human Interface Guidelines,Apple,ui_ux_review
IACS 共同结构规范(CSR),IACS,shipbuilding_marine
IACS 统一要求(UR),IACS,shipbuilding_marine
IATA 行李与中转规则手册,IATA,travel_planning
ICH Q7-Q12 指南,ICH,pharma_biomfg
ICH 指导原则全集,ICH,pharma_biomfg
IELTS 剑桥真题,Cambridge 官方,study_abroad
IMO GHG 脱碳战略(绿色船舶),IMO,shipbuilding_marine
IMO Load Lines/Tonnage 公约,IMO,shipbuilding_marine
IMO MARPOL 公约,IMO,shipbuilding_marine
IMO SOLAS 公约,IMO,shipbuilding_marine
INCI 国际化妆品原料命名手册,—,skincare_beauty
INCOTERMS 2020 解读,ICC,cross_border
ISM/ISPS 规则,IMO,shipbuilding_marine
ISO 105 色牢度系列标准,ISO,textiles
ISO 14001 环境管理体系,—,chemical_industry
ISO 9001 质量管理体系,—,aerospace
ISO21448预期功能安全,—,automotive
ISO26262功能安全标准,—,automotive
ISSN 运动营养立场声明合集,ISSN,fitness_plan
In Defense of Food(为食物辩护),Michael Pollan,cooking_recipe
In the Blink of an Eye(眨眼之间·剪辑思维),Walter Murch,short_video
Influence(影响力),罗伯特·西奥迪尼,contract_review;cross_border;debate_speech;digital_office;dining_recommendation;dispute_rights
Influence: The Psychology of Persuasion,Robert Cialdini,car_purchase
Information Dashboard Design,Stephen Few,data_analytics
Inspired (2nd ed),Marty Cagan,product_manager;startup_advisory
Internal Combustion Engine Fundamentals,John B. Heywood,automotive
Internal Time(内部时间),Till Roenneberg,sleep_health
Introduction to Flight,J.D. Anderson,aerospace
J.D. Power 可靠性报告解读,—,car_purchase
Japanese Cooking: A Simple Art,辻静雄,cooking_recipe
JavaScript 高级程序设计(红宝书),Nicholas Zakas,program_management;ui_ux_review
Kitchen Confidential(厨房机密),Anthony Bourdain,cooking_recipe;dining_recommendation
Knitting Technology,David Spencer,textiles
Knock 'em Dead Resumes,Martin Yate,resume_interview
Kobold Guide to Board Game Design,—,board_game
LEED 绿色建筑认证体系参考指南,USGBC,construction_materials
LLM 推理优化(量化/蒸馏文档),—,prompt_engineering
LangChain / LlamaIndex 官方文档,—,prompt_engineering
LangGraph / AutoGen 官方文档,—,prompt_engineering
Larousse Gastronomique(法餐圣经),Prosper Montagné,cooking_recipe
Laws of UX,Jon Yablonski,ui_ux_review
Le Guide Culinaire(埃斯科菲耶厨艺指南),Auguste Escoffier,cooking_recipe;dining_recommendation
Lean Analytics(精益数据分析),Croll & Yoskovitz,data_analytics;ecommerce_ops;private_domain;product_manager;seo_growth;short_video
Light Science and Magic,Hunter 等,photography
Lightroom 调色圣经,—,photography
LinkedIn/领英优化,—,resume_interview
Listing 文案与转化优化,专著,cross_border
Logical Chess: Move by Move,Chernev,board_game
MRI诊断学,专著,family_doctor
Made to Break(计划性报废),Giles Slade,purchase_decision
Made to Stick(让创意更有粘性),Chip & Dan Heath,debate_speech;presentation_skills;seo_growth;short_video
Make It Stick(认知天性),"Brown, Roediger, McDaniel",child_education;study_abroad
Make Time(创造时间),Jake Knapp,time_productivity
Making Faces,Kevyn Aucoin,skincare_beauty
Manhattan Prep 备考系列,Manhattan Prep,study_abroad
Margin of Safety(安全边际),塞思·卡拉曼,stock_trading
Marine Auxiliary Machinery,McGeorge,shipbuilding_marine
Marine Propellers and Propulsion,John Carlton,shipbuilding_marine
Mastering the Art of French Cooking,Julia Child,cooking_recipe
Material Design 设计规范,Google,ui_ux_review
Materials Science and Engineering: An Introduction,W.D. Callister,aerospace
Mayo Clinic Guide to a Healthy Pregnancy(妙佑医疗孕期指南),Mayo Clinic,family_doctor
Measure What Matters(这就是 OKR),John Doerr,data_analytics
Mechanics of Composite Materials,R.M. Jones,aerospace
Mechanics of Materials(材料力学),R.C. Hibbeler,construction_materials
Mindset(终身成长),Carol Dweck,child_education
Modernist Cuisine(现代主义烹调),Nathan Myhrvold,cooking_recipe;dining_recommendation
Molecular Biology of the Cell,Alberts 等,pharma_biomfg
Mostly Harmless Econometrics(基本无害的计量经济学),Angrist & Pischke,data_analytics
My System(我的棋艺),尼姆佐维奇,board_game
NSCA 体能训练概论,NSCA,nutrition_fitness
Naked Statistics(赤裸裸的统计学),Charles Wheelan,data_analytics
National Geographic Traveler 系列,国家地理,travel_deep
National Geographic 摄影指南,NatGeo,photography
Natural Language Processing with Transformers,Tunstall 等,prompt_engineering
Never Split the Difference,Chris Voss,car_purchase;contract_review;dispute_rights;private_domain;purchase_decision;rent_buy_house;resume_interview
Nonviolent Communication(非暴力沟通),Marshall Rosenberg,child_education;dispute_rights
Notes from a Small Island(英国本地视角),Bill Bryson,travel_deep;travel_planning
OEKO-TEX Standard 100,OEKO-TEX,textiles
OSA 诊治指南,行业指南,sleep_health
OTA升级技术,—,automotive
OWASP Top 10 / ASVS,OWASP,program_management
OWASP Top 10 for LLM Applications,OWASP,prompt_engineering
Obviously Awesome(产品定位),April Dunford,startup_advisory
Ogilvy on Advertising(奥格威谈广告),大卫·奥格威,cross_border
On Photography,Susan Sontag,photography
On Writing Well(写作法宝),William Zinsser,debate_speech;seo_growth;study_abroad;writing_polish
On Writing the College Application Essay,Harry Bauld,learning_planning;study_abroad
On Writing(写作这回事 英文原版),Stephen King,writing_polish
OpenAI Prompt Engineering Guide(官方),OpenAI,prompt_engineering
Operating System Concepts(操作系统概念·恐龙书),Silberschatz 等,digital_office
Orbital Mechanics for Engineering Students,Curtis,aerospace
Overcoming Insomnia,Edinger & Carney,sleep_health
Overdressed(廉价时尚的代价),Elizabeth Cline,textiles
PCT与马德里国际注册流程,—,ip_patent
PET 父母效能训练,托马斯·戈登,mental_wellness
PMBOK 指南,PMI,learning_planning
PPT 设计思维,—,presentation_skills
Patternmaking for Fashion Design,Helen Armstrong,textiles
Patterns of Enterprise Application Architecture,Martin Fowler,program_management
Peak(刻意练习),Ericsson & Pool,child_education
Peak: Secrets from the New Science of Expertise,Ericsson & Pool,career_transition
Perry's Chemical Engineers' Handbook,Robert H. Perry 等,chemical_industry
Photoshop 数码照片处理,人民邮电,photography
Physical Properties of Textile Fibres,Morton & Hearle,textiles
Positioning(定位),特劳特/里斯,cross_border
Pounder's Marine Diesel Engines,Doug Woodyard,shipbuilding_marine
Power BI / Tableau 官方指南,专著,data_analytics
Practical English Usage,Michael Swan,language_learning
Practical Reliability Engineering,Patrick D.T. O'Connor,aerospace
Practical Ship Design,David Watson,shipbuilding_marine
Pre-Suasion(先发影响力),罗伯特·西奥迪尼,contract_review
Predictably Irrational(怪诞行为学),丹·艾瑞里,digital_office;dispute_rights;ecommerce_ops
Presentation Zen,Garr Reynolds,presentation_skills
Principles of Naval Architecture (PNA),SNAME,shipbuilding_marine
Probabilistic Robotics,Sebastian Thrun,automotive
Procedural Dermatology(操作皮肤科学),—,skincare_beauty
Prompt Caching 官方文档,OpenAI/Anthropic,prompt_engineering
Prompt Engineering for Generative AI,Phoenix & Taylor (O'Reilly),prompt_engineering
Properties of Concrete,A.M. Neville,construction_materials
Python Crash Course(Python 编程从入门到实践),Eric Matthes,data_analytics
Python for Data Analysis(利用 Python 进行数据分析),Wes McKinney,data_analytics
QS/THE/US News 官方排名方法论,各机构官方,study_abroad
Quiet Your Mind and Get to Sleep,Carney,sleep_health
R 语言实战,Robert Kabacoff,data_analytics
RAG 论文集(Lewis 2020 等),—,prompt_engineering
REACH 法规与限用物质清单,EU REACH,textiles
RF Microelectronics,Razavi,electronics_semiconductor
RHS 园艺百科,英国皇家园艺学会,gardening
ROS机器人操作系统,—,automotive
Range(跨界),David Epstein,resume_interview
Range: Why Generalists Triumph,David Epstein,career_transition
Ratio(配比),Michael Ruhlman,cooking_recipe
Read This If You Want to Take Great Photographs,Henry Carroll,photography
Read This If You Want to Take Great Photographs of People,Henry Carroll,photography
Read This...Photographs of People,Henry Carroll,photography
Reality Is Broken,Jane McGonigal,board_game
Refactoring,Martin Fowler,program_management
Refactoring UI,Adam Wathan & Steve Schoger,program_management;ui_ux_review
Remington: The Science and Practice of Pharmacy,—,pharma_biomfg
Renewable Energy,Godfrey Boyle,energy_power
Resonate,Nancy Duarte,presentation_skills
Responsible AI 框架,—,prompt_engineering
Rework(重来),Fried & Hansson,startup_advisory
Robert's Rules of Poker,—,board_game
Rocket Propulsion Elements,Sutton & Biblarz,aerospace
Rocket Surgery Made Easy,Steve Krug,ui_ux_review
Rook's Textbook of Dermatology,Rook,skincare_beauty
Rough Guides 系列,Rough Guides,travel_deep;travel_planning
Ruhlman's Twenty,Michael Ruhlman,cooking_recipe
SCRM 系统选型指南,—,private_domain
SEO All-in-One for Dummies,Bruce Clay 等,seo_growth
SEO实战密码,昝辉 Zac,seo_growth
SICP 计算机程序的构造和解释,Abelson & Sussman,program_management
SLAM技术,—,automotive
SME 采矿工程手册,SME,mining_extraction
SPIN 销售法,Neil Rackham,private_domain
SQL Performance Explained,Markus Winand,program_management
SQL 反模式,Bill Karwin,program_management
SQL 必知必会,Ben Forta,data_analytics
SQL 进阶教程,MICK,data_analytics
STAR 法则与成就量化,—,resume_interview
Salt(盐:一部历史),Mark Kurlansky,cooking_recipe
"Salt, Fat, Acid, Heat(盐,脂,酸,热)",萨明·诺斯拉特,cooking_recipe
Save the Cat(救猫咪),布莱克·斯奈德,short_video;writing_polish
Say Good Night to Insomnia,Gregg Jacobs,mental_wellness;sleep_health
Schema.org 结构化数据规范,Schema.org,seo_growth
Sculpting with Light,Allison Earnest,photography
Secrets of Sand Hill Road(风投的逻辑),Scott Kupor,startup_advisory
Seductive Interaction Design(诱导性交互设计),Stephen P. Anderson,ui_ux_review
Self-Editing for Fiction Writers(自我编辑),Renni Browne / Dave King,writing_polish
Serious Cryptography,Jean-Philippe Aumasson,program_management
Several Short Sentences About Writing,Verlyn Klinkenborg,writing_polish
Shark's Fin and Sichuan Pepper(鱼翅与花椒),扶霞·邓洛普,dining_recommendation
Shigley 机械工程设计,米斯克,machinery
Ship Construction,D.J. Eyres,shipbuilding_marine
Ship Hydrostatics and Stability,Adrian Biran,shipbuilding_marine
Ship Resistance and Propulsion,Molland 等,shipbuilding_marine
Ship Structural Analysis and Design,Owen Hughes,shipbuilding_marine
Show Me the Numbers,Stephen Few,data_analytics;presentation_skills
Show Your Work!,Austin Kleon,resume_interview;short_video
Site Reliability Engineering(Google SRE),Betsy Beyer 等,program_management
Skincare(护肤科学),Caroline Hirons,skincare_beauty
Smart Choices(决策的艺术),Hammond 等,data_analytics
So Good They Can't Ignore You,Cal Newport,career_transition;resume_interview
Software Architecture in Practice,Bass 等,program_management
Space Mission Analysis and Design (SMAD),Wertz & Larson,aerospace
Spark Joy 整理魔法2,近藤麻理惠,home_organize
Spark 快速大数据分析,专著,data_analytics
Sprint (设计冲刺),Jake Knapp,product_manager
Steering the Craft,Ursula K. Le Guin,writing_polish
Stein on Writing(斯坦因谈写作),Sol Stein,writing_polish
Story(故事 英文原版),Robert McKee,writing_polish
Storytelling with Data(用数据讲故事),Cole Knaflic,data_analytics;presentation_skills;product_manager
Strapdown Inertial Navigation Technology,Titterton,aerospace
Structural Analysis,R.C. Hibbeler,construction_materials
Structures: Or Why Things Don't Fall Down(结构是什么),J.E. Gordon,construction_materials
Stuff Matters 迷人的材料,马克·米奥多尼克,metallurgy
Stuff Matters(迷人的材料),Mark Miodownik,construction_materials;metallurgy
Subsea Engineering Handbook,Yong Bai,shipbuilding_marine
TED Talks(演讲的力量),Chris Anderson,debate_speech
TEFAF/巴塞尔艺术市场报告,—,collectibles
TOEFL iBT 官方指南,ETS 官方,study_abroad
TOEFL 官方指南(OG),ETS,language_learning;learning_planning
TS16949质量体系,—,automotive
Tableau 数据可视化实战,专著,data_analytics
Talk Like TED(像 TED 一样演讲),Carmine Gallo,debate_speech;presentation_skills
Textiles(纺织品),Sara Kadolph,textiles
Thank You for Arguing(谢谢你的争论),Jay Heinrichs,debate_speech
Thanks for the Feedback,Stone & Heen,presentation_skills
The 2-Hour Job Search,Steve Dalton,resume_interview
The 7 Habits of Highly Effective People,Stephen Covey,time_productivity
The Adobe Photoshop Lightroom Classic Book,Scott Kelby,photography
The Alignment Problem,Brian Christian,prompt_engineering
The Art of Game Design: A Book of Lenses,Jesse Schell,board_game
The Art of Gathering,Priya Parker,board_game
The Art of Public Speaking(演讲的艺术),Stephen Lucas,debate_speech
The Art of Rhetoric(修辞术),亚里士多德,debate_speech
The Art of SEO,Eric Enge 等,seo_growth
The Art of Software Security Assessment,Dowd 等,program_management
The Black Swan(黑天鹅),纳西姆·塔勒布,contract_review
The Body Keeps the Score(身体从未忘记原版),Bessel van der Kolk,family_doctor
The Bogleheads' Guide to Investing,Larimore 等,tax_insurance
The Book of Why(为什么·因果),Judea Pearl,data_analytics
The Botany of Desire(植物的欲望),迈克尔·波伦,modern_agriculture
The Box(集装箱改变世界),Marc Levinson,cross_border;shipbuilding_marine
The Checklist Manifesto(清单革命),Atul Gawande,family_doctor;time_productivity
The China Study(救命饮食),T. Colin Campbell,chronic_disease
The Circadian Code(昼夜节律密码),Satchin Panda,sleep_health
The College Application Essay,College Board,learning_planning
The Copywriter's Handbook,Robert Bly,cross_border;writing_polish
The Culture Map(文化地图),埃琳·迈耶,cross_border
The Data Warehouse Toolkit(数据仓库工具箱),Ralph Kimball,data_analytics
The Death and Life of Great American Cities,Jane Jacobs,construction_materials;rent_buy_house
The Design of Everyday Things(设计心理学),Donald Norman,ecommerce_ops;machinery;product_manager;purchase_decision;ui_ux_review
The Digital Photography Book,Scott Kelby,photography
The Disappearing Spoon 消失的勺子,萨姆·基恩,metallurgy
The Disappearing Spoon(消失的勺子),萨姆·基恩,metallurgy
The Elements of Style(风格的要素),Strunk & White,debate_speech;writing_polish
The Finite Element Method,Zienkiewicz,aerospace
The Flavor Bible(风味圣经),Page & Dornenburg,cooking_recipe
The Flavour Thesaurus(风味词典),Niki Segnit,cooking_recipe
The Food Lab,J. Kenji López-Alt,cooking_recipe
The Food of Sichuan(川菜),扶霞·邓洛普,cooking_recipe;dining_recommendation
The French Laundry Cookbook,Thomas Keller,cooking_recipe;dining_recommendation
The Functional Art(可视化之美·功能艺术),Alberto Cairo,data_analytics
The Gatekeepers,Jacques Steinberg,study_abroad
The Gene(基因传),Siddhartha Mukherjee,family_doctor;pharma_biomfg
The Geography of Bliss(各国文化幸福观),Eric Weiner,travel_deep;travel_planning
"The Goal(目标,精益/进度管理经典)",Eliyahu Goldratt,construction_materials;cross_border;ecommerce_ops
The Great Influenza(大流感),John M. Barry,family_doctor
The Happiest Baby on the Block,哈维·卡普,parenting_baby
The Hero with a Thousand Faces(千面英雄),约瑟夫·坎贝尔,short_video
The Inner Game of Music,巴里·格林,music_learning
The Innovator's Dilemma,Clayton Christensen,career_transition
The Innovators(创新者),Walter Isaacson,digital_office
The Knot 婚礼策划完全手册,The Knot,wedding_planning
The Lady Tasting Tea(女士品茶),David Salsburg,data_analytics
The Law(法律),巴斯夏(Frédéric Bastiat),contract_review
The Lean Startup(精益创业),埃里克·莱斯,data_analytics;ecommerce_ops;product_manager;seo_growth
The Little Book of Common Sense Investing(共同基金常识),John Bogle,tax_insurance
The Little Book of Skin Care(韩式护肤),Charlotte Cho,skincare_beauty
The Millionaire Next Door,Stanley & Danko,purchase_decision
The Mom Test,Rob Fitzpatrick,product_manager;seo_growth;startup_advisory
The New Science of Strong Materials(强材料新科学),J.E. Gordon,construction_materials
The Non-Designer's Design Book,Robin Williams,presentation_skills
The Now Habit 战胜拖延,尼尔·菲奥里,grad_civil_exam
The Now Habit(战拖),Neil Fiore,time_productivity
The Omnivore's Dilemma(杂食者的两难),Michael Pollan,dining_recommendation
The One Thing(最重要的事只有一件),Gary Keller,time_productivity
The One-Straw Revolution(一根稻草的革命),Masanobu Fukuoka,agriculture
The Other End of the Leash,Patricia McConnell,pet_care
The Paradox of Choice(选择的悖论),Barry Schwartz,digital_office
The Phoenix Project (凤凰项目),Gene Kim 等,product_manager;program_management
The Photographer's Eye,Michael Freeman,photography
The Power of Habit(习惯的力量),Charles Duhigg,time_productivity
The Pragmatic Programmer,Hunt & Thomas,program_management
The Price of Admission,Daniel Golden,study_abroad
The Professional Chef,CIA 美国厨艺学院,cooking_recipe
The Promise of Sleep,William C. Dement,sleep_health
The Prompt Engineering Handbook,—,prompt_engineering
The Psychology of Money,Morgan Housel,purchase_decision;rent_buy_house
The Pyramid Principle(金字塔原理),Barbara Minto,data_analytics;presentation_skills
The Richest Man in Babylon(巴比伦最富有的人),George S. Clason,tax_insurance
The Science of Cooking,Stuart Farrimond,cooking_recipe
The Sense of Style(写作风格的意识),Steven Pinker,contract_review;writing_polish
The Signal and the Noise(信号与噪声),纳特·西尔弗,data_analytics
The Sleep Solution,W. Chris Winter,sleep_health
The Story of Earth(地球的故事),罗伯特·黑曾,mining_extraction
The Tangled Web,Michal Zalewski,program_management
The Tipping Point(引爆点),Malcolm Gladwell,private_domain
The Vegetable Butcher,Cara Mangini,cooking_recipe
The Visual Display of Quantitative Information(定量信息的视觉显示),Edward Tufte,data_analytics;presentation_skills;ui_ux_review
The Wager(沉船·叛变与谋杀),David Grann,shipbuilding_marine
The Web Application Hacker's Handbook,Stuttard & Pinto,program_management
The Whole-Brain Child,Siegel & Bryson,child_education
The Willpower Instinct(自控力),Kelly McGonigal,time_productivity
The World Atlas of Wine(世界葡萄酒地图),Johnson & Robinson,dining_recommendation
Thinking in Bets(对赌),Annie Duke,contract_review
Thinking with Type,Ellen Lupton,ui_ux_review
"Thinking, Fast and Slow",Daniel Kahneman,career_transition
This Is Going to Hurt(疼痛难免),Adam Kay,family_doctor
This Is Marketing(这才是营销),Seth Godin,cross_border
Through the Language Glass,Guy Deutscher,language_learning
Tiny Habits(福格行为模型),B.J. Fogg,time_productivity
To Engineer Is Human,亨利·波卓斯基,machinery
To Sell Is Human,Daniel Pink,private_domain
Traction(增长引擎),Gabriel Weinberg,seo_growth;short_video;startup_advisory
Transport Phenomena,"Bird, Stewart, Lightfoot",chemical_industry
Travels with Charley(横越美国),John Steinbeck,travel_deep;travel_planning
Triumph of the City(城市的胜利),Edward Glaeser,rent_buy_house
Trustworthy Online Controlled Experiments,Kohavi 等,product_manager;seo_growth;short_video
UCP600 跟单信用证统一惯例,ICC,cross_border
USB/雷电接口标准,专著,digital_office
Understanding Comics(理解漫画·视觉叙事),Scott McCloud,short_video
Understanding Exposure,Bryan Peterson,photography
Unit Operations of Chemical Engineering,"McCabe, Smith, Harriott",chemical_industry
Universal Principles of Design(设计的法则),William Lidwell 等,ui_ux_review
User Story Mapping,Jeff Patton,product_manager
Vagabonding(慢旅行节奏),Rolf Potts,travel_deep;travel_planning
Vehicle Dynamics and Control,Rajesh Rajamani,automotive
Venture Deals(风投协议),Brad Feld & Jason Mendelson,startup_advisory
WCAG 2.x 无障碍指南,W3C,ui_ux_review
WELL 建筑标准,IWBI,construction_materials
WHO 国际旅行与健康指南,世界卫生组织,travel_deep;travel_planning
Web Analytics 2.0(流量的秘密),Avinash Kaushik,seo_growth
Web 性能权威指南,Ilya Grigorik,ui_ux_review
What Color Is Your Parachute?,Richard Bolles,resume_interview
Where You Go Is Not Who You'll Be,Frank Bruni,study_abroad
Who(招聘圣经),Geoff Smart,startup_advisory
Who: The A Method for Hiring,Smart & Street,resume_interview
Why Buildings Fall Down,Levy & Salvadori,construction_materials
Why Buildings Stand Up,Mario Salvadori,construction_materials
Why We Get Fat,加里·陶布斯,nutrition_fitness
Why We Sleep(我们为什么睡觉),Matthew Walker,family_doctor;time_productivity
Why Zebras Don't Get Ulcers(斑马为什么不得胃溃疡),Robert Sapolsky,sleep_health
Wills 矿物加工技术,Wills,mining_extraction
Wine Folly(葡萄酒入门),Madeline Puckette,dining_recommendation
Work Rules!(重新定义团队),Laszlo Bock,resume_interview
Working Effectively with Legacy Code,Michael Feathers,program_management
Woven Textile Structure,B.K. Behera,textiles
Writing Down the Bones(写出我心),Natalie Goldberg,writing_polish
Writing Tools,Roy Peter Clark,writing_polish
YC 创业指南(Startup School),Y Combinator,startup_advisory
You Don't Know JS (系列),Kyle Simpson,program_management
Your Money or Your Life,Domínguez & Robin,purchase_decision;tax_insurance
offer 对比与决策,—,resume_interview
slide:ology,Nancy Duarte,presentation_skills
xUnit Test Patterns,Gerard Meszaros,program_management
一万小时天才理论,丹尼尔·科伊尔,music_learning
一本小小的红色写作书,布兰登·罗伊尔,writing_polish
一看就懂穿搭术,—,fashion_styling
万物既伟大又渺小,吉米·哈利,pet_care
万物有灵且美,吉米·哈利(James Herriot),pet_care
三废处理工程技术,—,chemical_industry
上瘾 Hooked,尼尔·埃亚尔,startup_advisory
上瘾(Hooked),Nir Eyal,private_domain;product_manager
上瘾:让用户养成使用习惯的产品逻辑,Nir Eyal,product_manager
不动产登记暂行条例,国务院,rent_buy_house
不原谅也没关系,皮特·沃克,mental_wellness
不拘一格(奈飞文化手册),Hastings / Meyer,startup_advisory
不拘一格(奈飞文化手册)No Rules Rules,Reed Hastings / Erin Meyer,startup_advisory
与天为敌:风险探索传奇,彼得·伯恩斯坦,insurance_planning
专业化妆造型技法,—,skincare_beauty
专利侵权判定标准与司法解释,—,ip_patent
专利审查指南,国家知识产权局,ip_patent
专利检索与分析实务,—,ip_patent
专利法详解,尹新天,contract_review;ip_patent;legal_consulting
专利申请文件撰写实务,—,ip_patent
专利许可与转化实务,—,ip_patent
世界 50 佳餐厅榜单解读,The World's 50 Best,travel_deep;travel_planning
世界犬种图鉴 FCI/AKC,—,pet_care
世界猫种图鉴,—,pet_care
世界顶级摄影大师作品集,—,photography
个人信息保护法实务,专著,contract_review
个人信息保护法解读,—,private_domain
个人信贷与债务管理实务,—,family_finance
个人养老金制度政策(三支柱),国务院/人社部,tax_insurance
个人养老金制度政策解读,—,elder_care;family_finance
个人品牌/打造个人 IP,—,private_domain
个人品牌打造,—,resume_interview;short_video
个人商业模式,蒂莫西·克拉克,career_transition
个人形成论,卡尔·罗杰斯,mental_wellness
个人所得税专项附加扣除政策文件,国务院/税务总局,tax_insurance
个人所得税专项附加扣除政策解读,—,family_finance
个人所得税实务与筹划,注册税务师教材,tax_insurance
个人所得税法及实施条例,全国人大/国务院,tax_insurance
个人所得税法及实施条例释义,—,family_finance
个人理财,博迪/默顿,career_transition;family_finance
个人理财入门(指数基金常识),—,study_abroad
个人理财规划(CFP教材),—,insurance_planning;tax_insurance
个人理财规划指南,综合,wedding_planning
个保法/数据安全法解读,—,startup_advisory
中介套路拆解,—,rent_buy_house
中医基础理论/中医诊断学,院校教材,family_doctor
中华人民共和国专利法,—,ip_patent
中华人民共和国保险法,—,insurance_planning;tax_insurance
中华人民共和国信托法,全国人大,tax_insurance
中华人民共和国商标法及实施条例,—,ip_patent
中华人民共和国民法典,法律出版社,legal_consulting;tax_insurance
中华人民共和国社会保险法,全国人大,tax_insurance
中华人民共和国税收征收管理法,全国人大,tax_insurance
中华人民共和国药典(ChP),国家药典委,pharma_biomfg
中华影像医学(丛书),专著,family_doctor
中华饮食文化,专著,dining_recommendation
中国2型糖尿病防治指南,中华医学会,chronic_disease;health_checkup
中国书画鉴定学稿,杨仁恺,collectibles
中国制造2025与产业政策汇编,—,industrialization
中国历代政治得失,钱穆,writing_polish
中国古代书画图目,—,collectibles
中国哲学简史,冯友兰,debate_speech
中国围棋规则,—,board_game
中国居民膳食指南,中国营养学会,child_education;chronic_disease;cooking_recipe;dining_recommendation;health_checkup;nutrition_fitness
中国民俗学,钟敬文,dining_recommendation
中国汽车质量网投诉数据解读,—,car_purchase
中国烹饪史,专著,cooking_recipe
中国烹饪概论,专业教材,cooking_recipe;dining_recommendation
中国玉器通史,—,collectibles
中国白酒品鉴,专著,dining_recommendation
中国艺术品市场报告,—,collectibles
中国艺术品收藏鉴赏全书,—,collectibles
中国血脂管理指南,—,chronic_disease;health_checkup
中国陶瓷史,叶喆民,collectibles
中国青铜器,马承源,collectibles
中国食物,尤金·安德森,cooking_recipe;dining_recommendation
中国食物成分表,—,chronic_disease
中国高尿酸血症与痛风诊疗指南,—,chronic_disease
中国高血压防治指南,—,chronic_disease;health_checkup
中式婚礼习俗与流程(三书六礼),综合,wedding_planning
中式热菜烹调技术,专业教材,cooking_recipe
中餐二十四味型,专著,cooking_recipe
中餐宴席礼仪,专著,dining_recommendation
丰田生产方式,大野耐一,automotive;industrialization
临床前药理与毒理学,—,pharma_biomfg
临床心理学,Trull,mental_wellness
临床检验诊断学,专著,family_doctor;health_checkup
临床检验项目参考区间手册,—,health_checkup
临床用药须知,中国药典,chronic_disease
临床皮肤镜学,—,skincare_beauty
临床老年病学,—,elder_care
临床药理学,—,chronic_disease
临床营养学,—,chronic_disease;cooking_recipe;dining_recommendation;nutrition_fitness
临床运动医学,Brukner & Khan,family_doctor;fitness_plan;nutrition_fitness
临终关怀与哀伤辅导手册,—,elder_care
为什么精英都是时间控,桦泽紫苑,time_productivity
为何家会伤人,武志红,wedding_planning
为未知而教为未来而学,戴维·珀金斯,child_education
主持与引导技巧,—,board_game
主题婚礼创意案例集,综合,wedding_planning
乌合之众,古斯塔夫·勒庞,debate_speech;presentation_skills;private_domain
乐器声学原理,—,music_learning
九人:美国最高法院风云,杰弗里·图宾,legal_consulting
也许你该找个人聊聊,洛莉·戈特利布,career_transition
习惯的力量,查尔斯·都希格,fitness_plan;home_organize;language_learning;nutrition_fitness
乡下人的悲歌,J.D. 万斯,study_abroad
乡土中国,费孝通,modern_agriculture
乡村振兴战略规划读本,—,agriculture
书画作伪与鉴别,—,collectibles
书画装裱与修复,—,collectibles
买卖合同司法解释理解与适用,最高人民法院,contract_review
买手实务,—,fashion_styling
买车用车养车一本通,—,car_purchase
乳腺 BI-RADS 分级,—,health_checkup
事实核查手册,新闻业实务,writing_polish
事故车/泡水车/调表车识别,—,car_purchase
二手交易实战手册,—,purchase_decision
二手房交易法律实务,—,rent_buy_house
二手房议价实战,—,rent_buy_house
二手桌游交易避坑手册,—,board_game
二手车交易实务,—,car_purchase
二手车检测技术,—,car_purchase
二手车残值与保值率分析,—,car_purchase
二手车评估师培训教材,—,car_purchase
二手车金融与置换补贴,—,car_purchase
二手车鉴定与评估,—,car_purchase
二氧化碳捕集与利用,—,chemical_industry
互动游戏与团建活动手册,—,event_planning
互换性与技术测量,—,machinery
互换性与测量技术,—,aerospace
亚马逊广告精通,专著,cross_border
亚马逊运营实战,专著,cross_border
亚马逊选品实战,专著,cross_border
交强险条例解读,—,car_purchase
产业组织理论,泰勒尔,industrialization
产业经济学,—,career_transition;industrialization
产后抑郁识别与干预手册,—,parenting_baby
产品可靠性工程,—,purchase_decision
产品可靠性设计,专著,digital_office
产品认证(CCC/CE)实务,—,machinery
产品质量法实务,专著,digital_office;dispute_rights
亲密关系,罗兰·米勒,child_education;gift_selection;mental_wellness;wedding_planning
亲属法与继承法,杨大文,legal_consulting
人体工程学与室内尺度手册,—,home_organize;home_renovation
人体工程学与服装,—,fashion_styling
人体测量与体成分评估,—,fitness_plan
人像摄影圣经,—,photography
人月神话,Frederick Brooks,product_manager;program_management;startup_advisory
人月神话 The Mythical Man-Month,Frederick Brooks,startup_advisory
人机工学(显示器/键鼠/桌面),专著,digital_office
人格心理学,伯格,gift_selection
人生十八局,吴清源,board_game
人生的智慧,叔本华,elder_care
人身保险,教材,family_finance
人身保险条款解读手册,—,insurance_planning
人身保险核保医学手册,—,insurance_planning
人身保险精算原理,—,insurance_planning
人造板甲醛释放限量 GB18580,—,home_renovation
今日诊断与治疗(CMDT),CMDT,family_doctor;health_checkup
从0到1 Zero to One,彼得·蒂尔,industrialization;ip_patent;startup_advisory
从优秀到卓越,吉姆·柯林斯,_管理类共用书单
从出生到3岁,伯顿·怀特,child_education
仲裁法理论与实务,专著,contract_review
价值流图分析,—,automotive
价值评估(Valuation),McKinsey,startup_advisory;stock_trading
仿古工艺识别,—,collectibles
企业合规管理体系(ISO 37301),标准解读,contract_review
企业微信运营实战,—,private_domain
企业法律风险管理实务,专著,contract_review
企业知识产权管理规范 GB/T29490,—,ip_patent
企业集成模式(EIP),Hohpe & Woolf,program_management
企鹅分级读物 Penguin Readers,企鹅出版社,language_learning
伊登色彩论,约翰内斯·伊登,fashion_styling
众病之王:癌症传,悉达多·穆克吉,chronic_disease;family_doctor;health_checkup;pharma_biomfg
优势谈判,罗杰·道森,car_purchase;contract_review;dispute_rights
优秀的绵羊,威廉·德雷谢维奇,study_abroad
优雅地老去,大卫·斯诺登,elder_care
优雅地老去 Aging with Grace,大卫·斯诺登,elder_care
会员体系设计,—,private_domain
会展场馆经营管理,—,event_planning
会展策划与管理,教材,event_planning
会展财务管理,—,event_planning
会计学原理,—,agriculture
会议与活动策划专家,—,event_planning
传感器与检测技术,—,machinery
传感器融合,—,automotive
传热学,杨世铭,aerospace;chemical_industry
传质与分离技术,—,chemical_industry
伯恩斯新情绪疗法,戴维·伯恩斯,family_doctor;grad_civil_exam;mental_wellness;sleep_health
伯恩斯焦虑自助疗法,戴维·伯恩斯,sleep_health
伴手礼选品与预算指南,综合,wedding_planning
伺服系统与运动控制,—,machinery
低压配电设计规范 GB 50054,国标,construction_materials
住宅室内装饰装修工程质量验收规范,—,home_renovation
住宅设计解剖书,增田奏,home_organize;home_renovation
体型分析与版型,—,fashion_styling
体验经济,派恩/吉尔摩,event_planning
体验经济 The Experience Economy,派恩/吉尔摩,event_planning
作物栽培学,—,agriculture;modern_agriculture
作物栽培学各论,—,modern_agriculture
作物育种学,—,agriculture
作物育种学总论,张天真,modern_agriculture
你当像鸟飞往你的山(Educated),塔拉·韦斯特弗,study_abroad
你的N岁孩子(格塞尔系列),路易丝·埃姆斯,parenting_baby
你的猫(How to Speak Cat),National Geographic,pet_care
你的第一本保险指南,槽叔,insurance_planning
你的降落伞是什么颜色,博尔斯,career_transition
供应链管理,马丁·克里斯托弗,agriculture;automotive;cross_border;ecommerce_ops;industrialization
依恋三部曲·第一卷 依恋,约翰·鲍尔比,child_education
促销与价格锚定研究,专著,digital_office
保险原理与实务,高校教材,tax_insurance
保险学,魏华林/林宝清,car_purchase;family_finance;insurance_planning
保险常识100问,(保险100问系列),insurance_planning
保险法(注释本),—,car_purchase
保险消费者权益保护,—,car_purchase
保险理赔实务,—,insurance_planning
保险监管文件,国家金融监督管理总局,tax_insurance
保险纠纷典型案例与裁判规则,—,insurance_planning
信任代理(Trust Agents),Brogan & Smith,private_domain
信号与系统,—,aerospace
信息架构(北极熊书),Rosenfeld & Morville,product_manager
信息架构:超越 Web 设计,Rosenfeld/Morville,ui_ux_review
信息检索与文献引用规范(GB/T 7714),国标,writing_polish
信息检索导论,Manning 等,prompt_engineering
信息流广告投放实务,专著,ecommerce_ops
信用卡境外手续费与退税策略指南,综合,travel_planning
信用卡积分与里程兑换攻略,综合,travel_deep
修辞学,亚里士多德,debate_speech
债务危机,瑞·达利欧,stock_trading
债法总论,王利明,contract_review
健康保险实务,—,tax_insurance
健康告知与如实告知义务解读,—,insurance_planning
健康监测与可穿戴设备应用,—,chronic_disease
健康行为改变(动机访谈),—,chronic_disease
健身者解剖书,Frederic Delavier,fitness_plan
健身营养全书,冯·勒费尔霍尔茨,chronic_disease;fitness_plan
健身解剖学,—,nutrition_fitness
储能系统集成与应用,—,energy_power
储量估算与资源量分类,—,mining_extraction
催化原理,—,chemical_industry
儿科学,人卫教材,family_doctor;parenting_baby
儿童保健学,—,child_education
儿童发展心理学,劳拉·伯克,parenting_baby
儿童心理学,—,child_education
儿童意外伤害预防手册,—,parenting_baby
儿童睡眠医学指南,—,parenting_baby
儿童营养学,—,child_education;parenting_baby
儿童认知行为疗法(CBT)手册,—,child_education
儿童音乐教育(奥尔夫/铃木),—,child_education
元素周期王国,彼得·阿特金斯,mining_extraction
元素的盛宴,萨姆·基恩,chemical_industry;metallurgy
先进封装技术,—,electronics_semiconductor
光刻技术原理,Levinson,electronics_semiconductor
光刻胶化学与技术,—,electronics_semiconductor
克氏外科学,Sabiston,family_doctor
党政机关公文写作规范,国务院办公厅,writing_polish
全国12315平台操作实务,专著,dispute_rights
全然接受这样的我,塔拉·布莱克,mental_wellness
全球通史:从史前到21世纪,斯塔夫里阿诺斯,cross_border
全科医学概论,人卫教材,health_checkup
全脑教养法,丹尼尔·西格尔,parenting_baby
公共建筑节能设计标准 GB 50189,国标,construction_materials
公务员录用考试大纲,国家公务员局,grad_civil_exam
公务员面试结构化教材,主流机构,grad_civil_exam
公司法,施天涛,contract_review;legal_consulting;startup_advisory
公司法学,赵旭东,legal_consulting
公差与配合国家标准,GB,machinery
公积金贷款政策解读,—,rent_buy_house
共同基金常识,约翰·博格,family_finance
关键对话,科里·帕特森 等,_管理类共用书单;mental_wellness;presentation_skills
关键链,高德拉特,event_planning
养牛学,—,agriculture
养猪学,—,agriculture
养老机构服务质量基本规范(国标),GB/T 35796,elder_care
养老金精算与替代率测算,—,tax_insurance
养老金融,—,elder_care;family_finance
兽医临床病理学,—,pet_care
兽医临床诊断学,—,agriculture
兽医学概论,—,agriculture
兽医药理学,—,agriculture
内分泌学,—,chronic_disease
内在动机,德西/瑞安,child_education
内容营销(Content Inc.),Joe Pulizzi,seo_growth
内容营销实务,专著,cross_border
内燃机学,—,automotive;shipbuilding_marine
内科学,人卫教材,chronic_disease
再生金属与循环经济,—,metallurgy
写作是门手艺,刘军强,ecommerce_ops
写作这回事(On Writing),斯蒂芬·金,study_abroad;writing_polish
写给大家的西方音乐史,田艺苗,music_learning
写给大家看的设计书,Robin Williams,presentation_skills;ui_ux_review
农业产业化经营,—,agriculture
农业人工智能,—,modern_agriculture
农业保险学,—,agriculture
农业品牌营销,—,modern_agriculture
农业圣典(An Agricultural Testament),阿尔伯特·霍华德,modern_agriculture
农业大数据,—,agriculture;modern_agriculture
农业政策学,—,agriculture;modern_agriculture
农业无人机应用,—,agriculture
农业昆虫学,—,agriculture
农业机械化生产学,—,agriculture
农业机械学,—,agriculture;modern_agriculture
农业概论,—,modern_agriculture
农业气象学,—,agriculture
农业物联网,—,agriculture
农业物联网技术与应用,—,modern_agriculture
农业生产经济学,—,agriculture
农业生态学,—,agriculture;modern_agriculture
农业经济学,—,agriculture;modern_agriculture
农业航空与植保无人机技术,—,modern_agriculture
农业补贴政策,—,agriculture
农业财政与补贴政策解读,—,agriculture
农业遥感,—,agriculture
农业项目投资与评估,—,agriculture
农业风险管理,—,agriculture
农产品价格学,—,agriculture
农产品市场营销学,—,agriculture
农产品物流与供应链管理,—,modern_agriculture
农产品质量安全与溯源,—,modern_agriculture
农场经营管理,—,agriculture
农学概论,—,agriculture
农机液压传动,—,modern_agriculture
农村土地承包法解读,—,agriculture
农村金融政策,—,agriculture
农村集体经济组织,—,agriculture
农民专业合作社法解读,—,agriculture
农田水利学,—,agriculture
农药安全使用手册,—,gardening
冲压工艺与模具设计,—,automotive
决定性瞬间(画册),布列松,photography
决策与判断,斯科特·普劳斯,data_analytics
决策与规划算法,—,automotive
决策分析与风险,专著,dispute_rights
冶金传感器与检测,—,metallurgy
冶金原理,—,metallurgy
冶金固废资源化,—,metallurgy
冶金机械设备,—,metallurgy
冶金节能与环保,—,metallurgy
冶金设备维护与故障诊断,—,metallurgy
冶金过程自动化,—,metallurgy
冷轧薄板生产,—,metallurgy
冷链物流技术,—,modern_agriculture
出口管制与制裁合规,专著,cross_border
分子料理技法,专著,dining_recommendation
分子筛与多孔材料,—,chemical_industry
分离工程,刘家祺,chemical_industry
分离纯化技术,—,pharma_biomfg
分级诊疗制度读本,—,health_checkup
刑法学,张明楷,legal_consulting
刑法学讲义(第二版),罗翔,dispute_rights
创业维艰 The Hard Thing About Hard Things,本·霍洛维茨,startup_advisory
创作硬件需求(渲染/剪辑),专著,digital_office
创新者 The Innovators,沃尔特·艾萨克森,industrialization;ip_patent
创新者的窘境,克里斯坦森,career_transition;ecommerce_ops;generic_consulting;ip_patent;seo_growth;startup_advisory;stock_trading
创新者的窘境 The Innovator's Dilemma,克莱顿·克里斯坦森,generic_consulting
别毙了那条狗(Don't Shoot the Dog),凯伦·普莱尔,pet_care
制动系统设计,—,automotive
制药工程原理与设备,—,pharma_biomfg
刻意练习,艾利克森/普尔,career_transition;child_education;music_learning
刻意练习 Peak,安德斯·艾利克森,grad_civil_exam;learning_planning
剑桥插图音乐指南,斯坦利·萨迪,music_learning
剑桥雅思官方真题集(4-18),剑桥大学考试委员会,language_learning;learning_planning
剪映/Premiere/达芬奇 官方手册,厂商官方,short_video
剪辑的语法,Roy Thompson,short_video
力学性能试验,—,metallurgy
力量训练基础,马克·瑞比托,fitness_plan;nutrition_fitness
力量训练基础 Starting Strength,马克·瑞比托,fitness_plan;nutrition_fitness
力量训练计划,—,chronic_disease;fitness_plan
力量训练计划 Practical Programming,瑞比托,nutrition_fitness
功能安全ISO26262,—,automotive
功能性服装设计(防护/运动/医用),—,textiles
功能性食品学,—,food_processing
功能纤维与功能纺织品,—,textiles
功能高分子材料,—,chemical_industry
动力电池技术,—,automotive
动态血糖监测(CGM)解读,—,chronic_disease
动机式访谈,—,nutrition_fitness
动物生理学,—,agriculture
动物营养学,—,agriculture
动物解剖学,—,agriculture
动物遗传育种学,—,agriculture
助推,塞勒/桑斯坦,generic_consulting
助推 Nudge,塞勒/桑斯坦,gift_selection
劳动争议裁判规则与案例精解,—,legal_consulting
劳动合同法,王全兴,legal_consulting
劳动合同法实务(竞业限制),专著,contract_review
劳动法,林嘉,legal_consulting
劳动法与录用红线,—,resume_interview
劳动法学,郭捷,legal_consulting
化合物半导体器件,—,electronics_semiconductor
化妆品监管与广告合规科普,国家药监局,skincare_beauty
化妆品科学与技术(Harry's Cosmeticology),—,skincare_beauty
化妆品配方原理与应用,—,skincare_beauty
化学动力学基础,—,chemical_industry
化学反应工程,朱炳辰,chemical_industry
化学品分类和标签规范(GHS/GB30000),—,chemical_industry
化学工程手册,—,chemical_industry
化学成分分析,—,metallurgy
化工原理,谭天恩/陈敏恒,chemical_industry
化工安全工程,—,chemical_industry
化工流程模拟(Aspen Plus),—,chemical_industry
化工热力学,陈钟秀,chemical_industry
化工节能原理与技术,—,chemical_industry
化工设计,—,chemical_industry
化工过程分析与综合,—,chemical_industry
化工过程安全(CCPS),CCPS,chemical_industry
医学影像学,人卫教材,family_doctor;health_checkup
医学营养治疗(MNT),—,chronic_disease
医生的修炼 Complications,阿图·葛文德,health_checkup
医美项目临床共识与操作规范,行业共识,skincare_beauty
千面英雄,约瑟夫·坎贝尔,writing_polish
半导体产业概论,—,electronics_semiconductor
半导体制造技术,May & Spanos,electronics_semiconductor
半导体器件物理,Sze,digital_office;electronics_semiconductor
半导体材料学,—,electronics_semiconductor
半导体测试基础,—,electronics_semiconductor
半导体硅材料学,—,electronics_semiconductor
半导体设备技术,—,electronics_semiconductor
半导体量测与缺陷检测,—,electronics_semiconductor
华德福教育,斯坦纳,child_education
卓有成效的管理者,彼得·德鲁克,_管理类共用书单;time_productivity
单抗与重组蛋白生产,—,pharma_biomfg
博弈与决策,专著,dispute_rights
博弈论,弗登博格(Fudenberg),board_game
博弈论与经济行为,冯·诺依曼/摩根斯坦,board_game
博弈论基础,罗伯特·吉本斯,board_game;dispute_rights
博弈论教程,肯·宾默尔(谢识予 译),board_game
博物馆藏品管理,—,collectibles
卡普兰-萨多克精神病学,Kaplan & Sadock,family_doctor;mental_wellness
卡片笔记写作法,申克·阿伦斯,grad_civil_exam;learning_planning
卫生设计原理(EHEDG/3-A),—,food_processing
印染机械与设备,—,textiles
危机公关与舆情应对,专著,dispute_rights
危机干预策略,James & Gilliland,mental_wellness
危险化学品安全管理条例,—,chemical_industry
危险货物分类和品名编号(GB6944),—,chemical_industry
即兴的智慧,专著,debate_speech;presentation_skills
历年分数线与报录比汇编,—,grad_civil_exam
压力容器安全技术监察规程,—,chemical_industry;machinery
压力面试应对,—,resume_interview
压载水管理公约(BWM),IMO,shipbuilding_marine
原则,瑞·达利欧,career_transition;contract_review
原则 Principles,瑞·达利欧,stock_trading
原子习惯,詹姆斯·克利尔,mental_wellness;music_learning;nutrition_fitness;time_productivity
原料药工艺研究与开发,—,pharma_biomfg
厨房设备与器具手册,专著,cooking_recipe
厨房里的化学家,亚瑟,cooking_recipe
厨艺之钥(Keys to Good Cooking),哈洛德·马基,cooking_recipe
参与感,黎万强,private_domain
参数虚标与跑分作弊识别,专著,digital_office
双碳政策读本,—,industrialization
双碳目标与能源转型,—,energy_power
反不正当竞争法,法律出版社,contract_review;legal_consulting
反垄断法,法律出版社,contract_review
反应器设计与放大,—,chemical_industry
反洗钱(AML)与 KYC 合规,专著,cross_border
反洗钱法与反洗钱监管规定,全国人大/央行,tax_insurance
反脆弱,纳西姆·塔勒布,career_transition;generic_consulting
反脆弱 Antifragile,纳西姆·塔勒布,generic_consulting;stock_trading
发展心理学,林崇德,child_education
发展心理病理学,—,child_education
发育与行为儿科学,专著,family_doctor;parenting_baby
发酵工程,—,food_processing;pharma_biomfg
变态心理学,劳伦·阿洛伊,mental_wellness
古典吉他教程,卡尔卡西,music_learning
古典风格,查尔斯·罗森,music_learning
古典风格:海顿、莫扎特、贝多芬,查尔斯·罗森,music_learning
古玉鉴定,—,collectibles
古玩做旧与辨伪,—,collectibles
古玩行话与交易习惯,—,collectibles
古籍修复技艺,—,collectibles
古籍善本,陈先行,collectibles
另类资产配置,—,collectibles
可持续能源——事实与真相,David MacKay,energy_power
可持续能源——事实与真相 Sustainable Energy without the Hot Air,David MacKay,energy_power
可用性工程,Jakob Nielsen,product_manager;ui_ux_review
可穿戴设备与运动监测技术,—,nutrition_fitness
可见的学习,约翰·哈蒂,child_education
可视化分析与设计,Tamara Munzner,data_analytics
可靠性工程与失效分析,—,electronics_semiconductor
可靠性工程基础,—,aerospace;car_purchase;digital_office
史蒂夫·乔布斯传,沃尔特·艾萨克森,ip_patent
叶轮机械原理,—,aerospace
司仪主持与控场技巧,综合,wedding_planning
各区义务教育招生入学政策文件,各地教育局,learning_planning
各国外交部领事保护与安全提示,各国外交部,travel_deep;travel_planning
各国数据合规(GDPR/CCPA),专著,cross_border
各国毕业工签政策(OPT/Graduate Route/485),各国移民局,study_abroad
各国消费者行为差异,专著,cross_border
各国留学政策官方文件,各国教育/移民部门,study_abroad
各国签证官方指南(F-1/Student Route/500/SDS),各国使领馆,study_abroad
各国签证申请官方指南,各国使领馆,travel_planning
各国退税与汇率手续费指南,综合,travel_deep
各地彩礼与嫁妆习俗手册,综合,wedding_planning
合作的进化,罗伯特·艾克斯罗德,board_game
合同效力专题研究,专著,contract_review
合同效力研究,专著,contract_review
合同法,崔建远,contract_review;legal_consulting
合同法上的违约损害赔偿,专著,contract_review
合同法分则研究,崔建远,contract_review
合同法学,王利明,legal_consulting
合同法实务,—,startup_advisory
合同法总论,韩世远,contract_review;legal_consulting
合同法研究,王利明,legal_consulting
合同违约救济比较法研究,专著,contract_review
合成生物学导论,—,pharma_biomfg
合金钢,—,metallurgy
吉他构造与选购指南,—,music_learning
听肌肤的话,冰寒,skincare_beauty
启示录:打造用户喜爱的产品,Marty Cagan,product_manager
吴阶平泌尿外科学,吴阶平,family_doctor
周围神经病变,—,chronic_disease
周期化力量训练理论,Bompa,nutrition_fitness
周期化训练理论,Tudor Bompa,fitness_plan
和二木一起玩多肉,二木,gardening
和声学教程,斯波索宾,music_learning
和解协议实务,专著,dispute_rights
咖啡因(Caffeine),Michael Pollan,sleep_health
品牌农业,—,agriculture
品牌战略管理,—,agriculture
品牌的起源,艾·里斯,cross_border
哈农钢琴练指法,哈农,music_learning
哈里森内科学原理,Harrison's,chronic_disease;family_doctor;health_checkup
唱片中的西方音乐史,杨燕迪 等,music_learning
商业养老年金与万能险产品资料,各公司,tax_insurance
商业模式新生代,亚历山大·奥斯特瓦德,data_analytics;startup_advisory
商业模式新生代 Business Model Generation,奥斯特瓦德,startup_advisory
商业秘密法律保护实务,专著,contract_review
商业车险示范条款解读,—,car_purchase
商务礼仪规范,专著,dining_recommendation
商务礼仪规范读本,—,gift_selection
商标审查审理指南,—,ip_patent
商标法,黄晖,legal_consulting
商标法理论与实务,专著,contract_review
商标驳回复审与异议实务,—,ip_patent
四大金刚选聘与合同手册,综合,wedding_planning
四季养花实用宝典,蒋青海,gardening
四季色彩理论,Color Me Beautiful 体系,fashion_styling
因子投资,石川 等,stock_trading
团队破冰活动手册,—,board_game
园丁与木匠,高普尼克,child_education;parenting_baby
园林植物栽培学,教材,gardening
园林植物病虫害防治,—,gardening
园林设计,—,gardening
园艺植物栽培学,—,gardening
围棋入门,—,board_game
围棋八大课题,聂卫平,board_game
围棋官子辞典,—,board_game
围棋定式大辞典,—,board_game
围棋手筋辞典,—,board_game
围棋死活辞典,—,board_game
固体火箭发动机原理,—,aerospace
固定床反应器,—,chemical_industry
国宝沉浮录,杨仁恺,collectibles
国家为什么会失败,阿西莫格鲁,industrialization
国家地理人文摄影指南,国家地理,travel_deep
国家统一法律职业资格考试官方教材,司法部,learning_planning
国标麻将竞赛规则,—,board_game
国考/省考历年招录公告,各省人事考试网,grad_civil_exam
国际商事仲裁,Gary Born,contract_review
国际商法,专业教材,cross_border
国际物流与货运代理实务,专著,cross_border
国际私法,韩德培,contract_review
国际结算,苏宗祥,cross_border
国际象棋入门,—,board_game
国际象棋规则(FIDE),FIDE,board_game
国际贸易实务,黎孝先,cross_border
国际贸易法,专业教材,cross_border
国际贸易理论与政策,克鲁格曼,cross_border
国际贸易融资,专著,cross_border
国际跳棋规则(FMJD),FMJD,board_game
圆圈正义,罗翔,dispute_rights
土地复垦与生态修复,—,mining_extraction
土地流转实务,—,agriculture
土地管理法解读,—,agriculture
土地经济学,—,modern_agriculture
土壤学,黄昌勇,agriculture;gardening;modern_agriculture
土壤的救赎(The Soil Will Save Us),克莉斯汀·奥森森,modern_agriculture
土壤肥料学,—,agriculture
土木工程施工,同济,construction_materials
土木工程材料,湖南大学,construction_materials
土木工程概论,高教教材,construction_materials
在路上,杰克·凯鲁亚克,travel_deep;travel_planning
地下开采,—,mining_extraction
地方饮食志(各省),地方志,dining_recommendation
地球化学勘探,—,mining_extraction
地球物理勘探,—,mining_extraction
地质学基础,—,mining_extraction
坂田荣男围棋全集,坂田荣男,board_game
坎贝尔骨科手术学,Campbell's,family_doctor
坚毅,安杰拉·达克沃斯,career_transition
坚毅 Grit,安杰拉·达克沃思,grad_civil_exam;language_learning;learning_planning;time_productivity
城市规划原理,—,rent_buy_house
域控制器开发,—,automotive
基因传:众生之源,悉达多·穆克吉,pharma_biomfg
基本乐理,李重光,music_learning
基础有机化学,邢其毅,chemical_industry
墙体材料应用统一技术规范 GB 50574,国标,construction_materials
增材制造技术,—,aerospace;machinery
增材制造金属材料,—,aerospace
增长五线,王赛,seo_growth
增长黑客,肖恩·埃利斯,data_analytics;ecommerce_ops;private_domain;product_manager;seo_growth;short_video;startup_advisory
处方审核与药学服务,—,chronic_disease
复合材料结构力学,—,aerospace
复杂,梅拉妮·米歇尔,data_analytics
外汇风险管理,专著,cross_border
外科学,人卫教材,family_doctor
多体动力学,—,automotive
多导睡眠图(PSG)判读手册,—,sleep_health
多相催化基础,—,chemical_industry
多相反应工程,—,chemical_industry
大促节奏与活动运营,专著,ecommerce_ops
大国的兴衰,保罗·肯尼迪,industrialization
大学的终结,凯文·凯里,study_abroad
大数据之路,阿里巴巴,data_analytics
大气污染控制工程,—,chemical_industry
大灭绝时代(第六次大灭绝),伊丽莎白·科尔伯特,mining_extraction
大空头,迈克尔·刘易斯,rent_buy_house
大额保单与财富传承,—,tax_insurance
太阳能光伏发电技术,—,energy_power
失控,凯文·凯利,generic_consulting
失控 Out of Control,凯文·凯利,generic_consulting
失效分析,—,machinery
失效分析与质量控制,专著,digital_office
失智症照护指南,—,elder_care
失眠的认知行为治疗 CBT-I 手册,—,mental_wellness
失眠的认知行为治疗(CBT-I),Perlis 等,sleep_health
奇特的一生,格拉宁(柳比歇夫时间统计法),time_productivity
奈特人体解剖学彩色图谱,Netter,family_doctor
女性独行/LGBT 旅行安全指南,综合,travel_planning
好妈妈胜过好老师,尹建莉,child_education
"好战略,坏战略",理查德·鲁梅尔特,generic_consulting;product_manager
"好战略,坏战略 Good Strategy Bad Strategy",理查德·鲁梅尔特,generic_consulting
如何聆听音乐 What to Listen for,艾伦·科普兰,music_learning
如何聆听音乐(What to Listen for in Music),艾伦·科普兰,music_learning
如何说孩子才会听,阿黛尔·法伯,parenting_baby
如何说孩子才肯学,法伯/玛兹丽施,child_education
如何阅读一本书,莫提默·艾德勒,generic_consulting;grad_civil_exam;learning_planning
如何阅读一本书 How to Read a Book,莫提默·艾德勒,generic_consulting
如何高效学习,斯科特·扬,career_transition
妇产科学,谢幸 主编,family_doctor
妇科内分泌学,专著,family_doctor
姿势评估与纠正训练 NASM-CES,NASM,nutrition_fitness
威廉姆斯产科学,Williams Obstetrics,family_doctor
威廉姆斯内分泌学,Williams,family_doctor
婚姻家庭继承法,夏吟兰,legal_consulting
婚宴档期与旺季避坑手册,综合,wedding_planning
婚礼摄影摄像实战手册,综合,wedding_planning
婚礼现场流程与时间线模板手册,综合,wedding_planning
婚礼策划与统筹实务,婚庆行业培训教材,wedding_planning
婚礼预算分项模板,综合,wedding_planning
婴幼儿及其照护者,冈萨雷斯-米纳 等,child_education
婴幼儿喂养与营养指南,中国营养学会,parenting_baby
婴幼儿喂养指南,中国营养学会,child_education
婴幼儿睡眠圣经(Healthy Sleep Habits),马克·维斯布朗,parenting_baby
子弹笔记术,瑞德·卡罗尔,time_productivity
孕产妇与婴幼儿营养,专著,dining_recommendation
字体设计原理,综合,ui_ux_review
字画作伪揭秘,—,collectibles
存储技术原理,专著,digital_office
孤独星球 Lonely Planet 系列,Lonely Planet,travel_deep;travel_planning
学习之道,芭芭拉·奥克利,career_transition
学习之道 A Mind for Numbers,芭芭拉·奥克利,grad_civil_exam;language_learning;learning_planning
学习科学与教学设计,—,child_education
学习科学手册,R. Keith Sawyer 编,learning_planning
学会提问,尼尔·布朗,generic_consulting;writing_polish
学会提问 Asking the Right Questions,尼尔·布朗,generic_consulting
学前教育学,—,child_education
学术写作与论文规范(APA/GB7714),综合,writing_polish
"孩子,把你的手给我",海姆·吉诺特,child_education
宇宙(Cosmos),卡尔·萨根,aerospace
安德鲁斯临床皮肤病学,Andrews',skincare_beauty
完美的合同(合同审查实务),吴江水,contract_review
定价制胜,赫尔曼·西蒙,gift_selection
定价心理学,—,purchase_decision
定价策略与心理账户,专著,digital_office;ecommerce_ops
定价管理,Thomas Nagle,digital_office
定位,里斯/特劳特,agriculture;ecommerce_ops;private_domain;product_manager;seo_growth;short_video
定位 Positioning,特劳特/里斯,startup_advisory
实时操作系统,—,automotive
实用供热空调设计手册,陆耀庆,construction_materials
实用儿科营养,—,child_education
实用内科学,陈灏珠/林果为,chronic_disease;family_doctor
实用妇产科学,专著,family_doctor
实用急诊医学,专著,family_doctor
实用新生儿学,邵肖梅 等,family_doctor;parenting_baby
实用骨科学,胥少汀,family_doctor
宠物全生命周期成本测算,—,pet_care
宠物医疗保险产品对比手册,—,pet_care
宠物用品选购指南,—,pet_care
宠物皮肤护理与洗护工艺,—,pet_care
宠物美容师职业资格教程,—,pet_care
宠物食品营养学,—,pet_care
宠物食品配方与工艺,—,pet_care
客户服务危机话术手册,专著,dispute_rights
室内乐曲目指南,—,music_learning
室内照明设计手册,—,home_renovation
室内绿植完整手册,—,gardening
室内装饰材料手册,—,home_renovation
室内设计资料集,张绮曼,home_renovation
宴会与餐饮服务,—,event_planning
宴会场地选址与考察清单,综合,wedding_planning
家事诉讼实务,—,legal_consulting
家庭保险配置实务,—,family_finance
家庭健身器械选购实务,—,fitness_plan
家庭养宠适配评估手册,—,pet_care
家庭农场管理,—,agriculture
家庭厨房动线设计,专著,cooking_recipe
家庭园艺病虫害诊治图谱,—,gardening
家庭居室装饰装修工程施工合同(住建部示范文本),—,home_renovation
家庭急救手册,红十字会,elder_care
家庭治疗技术,Minuchin,mental_wellness
家庭系统治疗(米纽庆),米纽庆,child_education
家庭血压监测指南,—,chronic_disease
家庭装修预算管理读本,—,home_renovation
家庭财务规划与外汇管理基础,—,study_abroad
家庭财务规划实务,—,elder_care;family_finance
家庭资产配置与保费占比方法,—,insurance_planning
家族信托实务,—,tax_insurance
家族办公室与财富传承,高净值实务专著,tax_insurance
家用健身器械选购手册,—,nutrition_fitness
家畜环境卫生学,—,agriculture
家畜繁殖学,—,agriculture
家畜饲养学,—,agriculture
家的要素,主妇之友社,home_organize;home_renovation
家禽生产学,—,agriculture
宽禁带半导体器件,—,energy_power
宾客名单与席位编排实务,综合,wedding_planning
宾客签到与动线体验设计,综合,wedding_planning
寂静的春天,蕾切尔·卡森,agriculture;mining_extraction;modern_agriculture
富爸爸穷爸爸,罗伯特·清崎,career_transition;family_finance;purchase_decision;tax_insurance
富爸爸穷爸爸 Rich Dad Poor Dad,罗伯特·清崎,tax_insurance
对位法,福克斯,music_learning
对白,罗伯特·麦基,short_video
对话,罗伯特·麦基,writing_polish
寻味顺德,专著,dining_recommendation
寻路中国,彼得·海斯勒(何伟),travel_deep;travel_planning
导航系统原理,—,aerospace
寿险精算与产品定价基础,—,tax_insurance
小动物临床营养学,Hand,pet_care
小动物内科学,Nelson & Couto,pet_care
小动物外科学,Fossum,pet_care
小家越住越大,逯薇,home_organize;home_renovation
小户型空间利用与收纳设计图鉴,—,home_organize
小狗钱钱,博多·舍费尔,career_transition;family_finance;insurance_planning;purchase_decision;rent_buy_house;study_abroad;tax_insurance;wedding_planning
少有人走的路,M·斯科特·派克,mental_wellness
就业、利息和货币通论,凯恩斯,industrialization
尼尔森儿科学,Nelson,family_doctor;parenting_baby
尾矿处理与综合利用,—,mining_extraction
尾矿库设计与安全,—,mining_extraction
居家养老服务规范,—,elder_care
居家安全隐患排查清单,—,parenting_baby
山家清供,[宋] 林洪,cooking_recipe
岁时节日里的中国,专著,dining_recommendation
岗位胜任力模型,—,resume_interview
岩石力学与工程,—,mining_extraction
峰值体验,—,event_planning
崔玉涛图解家庭育儿,崔玉涛,parenting_baby
嵌入式系统设计,—,automotive
川菜烹饪事典,专著,cooking_recipe
工业4.0(德国国家平台),—,industrialization
工业互联网与MES系统实践,—,industrialization
工业催化,黄仲涛,chemical_industry
工业化与经济发展,钱纳里 等,industrialization
工业工程基础,—,automotive
工业废水处理,—,chemical_industry
工业机器人技术,—,machinery
工伤保险条例理解与适用,—,legal_consulting
工具论,亚里士多德,debate_speech
工程建设标准强制性条文,住建部,construction_materials
工程建设项目招标投标管理办法,部委,construction_materials
工程材料及成形技术基础,—,machinery
工程热力学,—,aerospace;energy_power
工程经济学,高校教材,construction_materials
工程项目管理,成虎,construction_materials
巴比伦最富有的人 The Richest Man in Babylon,乔治·克拉森,insurance_planning
巴菲特致股东的信,沃伦·巴菲特,family_finance;stock_trading
巴赫初级钢琴曲集,巴赫,music_learning
市场监管投诉举报处理办法解读,专著,dispute_rights
市场营销学,科特勒,agriculture
布光教科书(人像/产品),—,photography
希氏内科学(Goldman-Cecil),Cecil,family_doctor;health_checkup
平台推荐机制与流量分发说明,平台官方,short_video
平台规则与商家责任,专著,dispute_rights
平台账号安全与风控,专著,cross_border
并购重组法律实务,—,legal_consulting
幸福的婚姻,约翰·戈特曼,wedding_planning
床垫/枕头人体工学专著,—,sleep_health
库存管理,—,automotive
库存管理与需求预测,专著,ecommerce_ops
应用线性回归,专著,data_analytics
底盘调校与操控感解读,—,car_purchase
康复医学,—,chronic_disease
建筑:形式·空间和秩序,程大锦,home_renovation
建筑地基基础设计规范 GB 50007,国标,construction_materials
建筑工程施工质量评价标准 GB/T 50375,国标,construction_materials
建筑工程施工质量验收统一标准 GB 50300,国标,construction_materials
建筑工程概预算与清单计价规范,—,home_renovation
建筑工程绿色施工规范 GB/T 50905,国标,construction_materials
建筑抗震设计规范 GB 50011,国标,construction_materials
建筑施工手册(第五版),专著,construction_materials
建筑施工技术,高校教材,construction_materials
建筑施工组织设计,专著,construction_materials
建筑材料,高教教材,construction_materials;home_renovation
建筑模式语言 A Pattern Language,克里斯托弗·亚历山大,home_organize;home_renovation
建筑法,全国人大,construction_materials
建筑电气与给排水工艺标准图集,—,home_renovation
建筑碳排放计算标准 GB/T 51366,国标,construction_materials
建筑结构可靠度设计统一标准 GB 50068,国标,construction_materials
建筑结构荷载规范 GB 50009,国标,construction_materials
建筑结构静力计算手册,专著,construction_materials
建筑给水排水及采暖工程施工质量验收规范 GB 50242,国标,construction_materials
建筑给水排水设计标准 GB 50015,国标,construction_materials
建筑节能与可再生能源利用通用规范 GB 55015,国标,construction_materials
建筑设计防火规范 GB 50016,国标,construction_materials
建筑识图与质量验收,—,rent_buy_house
建设工程安全生产管理条例,国务院,construction_materials
建设工程法规,高校教材,construction_materials
建设工程监理规范 GB/T 50319,国标,construction_materials
建设工程质量管理条例,国务院,construction_materials
建设工程项目管理规范 GB/T 50326,国标,construction_materials
引导:团队群策群力的实践指南,Sam Kaner,board_game
引爆点,马尔科姆·格拉德威尔,event_planning;gift_selection
引爆用户增长,杨瀚清,private_domain
张宇高等数学十八讲,张宇,learning_planning
弹指之间(民谣吉他),潘尚文,music_learning
强制执行法实务,—,legal_consulting
强化学习,—,automotive
当下的力量,埃克哈特·托利,mental_wellness
当众讲话,戴尔·卡耐基,debate_speech
当呼吸化为空气,保罗·卡拉尼什,elder_care
当呼吸化为空气 When Breath Becomes Air,保罗·卡拉尼什,elder_care
当尼采哭泣,欧文·亚隆,mental_wellness
录音录像证据合法性研究,专著,dispute_rights
形式逻辑,金岳霖,debate_speech
影响力,罗伯特·西奥迪尼,_管理类共用书单;agriculture;construction_materials;dispute_rights;ecommerce_ops;generic_consulting;gift_selection;home_renovation;presentation_skills;private_domain;product_manager;purchase_decision;rent_buy_house;resume_interview;seo_growth;short_video;skincare_beauty;startup_advisory
影响力 Influence,罗伯特·西奥迪尼,generic_consulting
彼得·林奇的成功投资 One Up On Wall Street,彼得·林奇,stock_trading
徐涛考研政治核心考案,徐涛,grad_civil_exam;learning_planning
微习惯,斯蒂芬·盖斯,home_organize;language_learning;time_productivity
微交互,Dan Saffer,ui_ux_review
微电子制造科学原理与工程技术,Campbell,electronics_semiconductor
微电子学基础,Behzad Razavi,electronics_semiconductor
微电子学基础 Fundamentals of Microelectronics,Behzad Razavi,electronics_semiconductor
微电子封装手册,—,electronics_semiconductor
心流,米哈里,child_education;mental_wellness;music_learning
心流 Flow,米哈里·契克森米哈赖,grad_civil_exam;language_learning
心理咨询与治疗的理论及实践,Corey,mental_wellness
心理学与生活(第20版),格里格/津巴多,child_education;mental_wellness
心理治疗中的依恋,Wallin,mental_wellness
心肺复苏(CPR/AED)指南,AHA,elder_care
心脏康复指南,—,chronic_disease
心脏康复运动处方,—,nutrition_fitness
心脑血管并发症预防,—,chronic_disease
心血管病学,—,chronic_disease
必然,凯文·凯利,generic_consulting
忧郁的热带,列维-斯特劳斯,travel_deep;travel_planning
怎样写作,叶圣陶,writing_polish
怎样解题,G·波利亚,construction_materials
怎样选择成长股,菲利普·费雪,stock_trading
怎样选择成长股 Common Stocks and Uncommon Profits,菲利普·费雪,stock_trading
"思考,快与慢",丹尼尔·卡尼曼,_管理类共用书单;career_transition;contract_review;data_analytics;digital_office;dining_recommendation;dispute_rights;ecommerce_ops;family_finance;generic_consulting;presentation_skills
"思考,快与慢 Thinking, Fast and Slow",丹尼尔·卡尼曼,generic_consulting;gift_selection
急性并发症处理(酮症/低血糖),—,chronic_disease
怦然心动的人生整理魔法,近藤麻理惠,fashion_styling;home_organize;purchase_decision
怪诞行为学,丹·艾瑞里,generic_consulting;purchase_decision
怪诞行为学 Predictably Irrational,丹·艾瑞里,generic_consulting;gift_selection
总装工艺,—,automotive
情感化设计,唐纳德·诺曼,ui_ux_review
情绪急救,盖伊·温奇,mental_wellness
情绪聚焦疗法导论,Greenberg,mental_wellness
惩罚性赔偿制度研究,专著,dispute_rights
意定监护与居住权制度解读,—,elder_care
感觉统合训练手册,—,parenting_baby
慢性肾脏病诊疗指南,—,chronic_disease
慢病人群运动康复,—,chronic_disease
慢病红旗征识别手册,—,chronic_disease
慢病自我管理,—,chronic_disease
慢病长期用药管理,—,chronic_disease
慢阻肺(COPD)诊治指南,—,chronic_disease
成人糖尿病食养指南,—,chronic_disease
成分平替逻辑手册,—,skincare_beauty
成分护肤,西一总/白野实,skincare_beauty
成本会计,—,agriculture
我们为什么要睡觉,马修·沃克,health_checkup;mental_wellness;sleep_health
我们内心的冲突,卡伦·霍妮,mental_wellness
我决定简单地生活,佐佐木典士,home_organize
我教你变富 I Will Teach You to Be Rich,拉米特·塞西,insurance_planning
战略历程,明茨伯格,generic_consulting
户型与朝向采光分析,—,rent_buy_house
房地产估价,—,rent_buy_house
房地产周期与政策,—,rent_buy_house
房屋买卖合同纠纷裁判规则,—,rent_buy_house
房贷与消费信贷指南,—,family_finance
房贷计算与还款方式,—,rent_buy_house
所罗门王的指环,康拉德·劳伦兹,pet_care
手把手教你读财报,唐朝,stock_trading
托福词汇红宝书,俞敏洪,language_learning;learning_planning
扩展与版本对比指南,—,board_game
批判性思维,摩尔/帕克,debate_speech;generic_consulting
批评官员的尺度,安东尼·刘易斯,legal_consulting
找对英语学习方法的第一本书,漏屋,language_learning
技术的本质,布莱恩·阿瑟,generic_consulting
把你的英语用起来,伍君仪/刘晓光,language_learning
把时间当作朋友,李笑来,career_transition;grad_civil_exam;language_learning;learning_planning;time_productivity
投诉处理与客户关系管理,专著,dispute_rights
投资中最简单的事,邱国鹭,family_finance
投资学,博迪,collectibles;family_finance;tax_insurance
投资最重要的事,霍华德·马克斯,stock_trading
抗体药物与生物制药,—,pharma_biomfg
折旧率与保值率分析,—,purchase_decision
报关实务,专业教材,cross_border
担保法司法解释理解与适用,最高院,legal_consulting
拍卖史话,—,collectibles
拍卖市场年鉴(雅昌/中拍协),—,collectibles
拍卖竞买实务,—,collectibles
拒签申诉与再签策略,—,study_abroad
拖延心理学,简·博克,grad_civil_exam;home_organize;time_productivity
拖拉机与汽车学,—,modern_agriculture
招聘与甄选实务,—,resume_interview
拜厄钢琴基础教程,拜厄,music_learning
拥抱你的内在小孩,罗西·马奇-史密斯,mental_wellness
持续交付,Humble & Farley,product_manager
捕捉儿童敏感期,孙瑞雪,child_education;parenting_baby
损伤容限设计,—,aerospace
捡漏与打眼,—,collectibles
换热器原理与设计,—,chemical_industry
掌控习惯,詹姆斯·克利尔,career_transition;fitness_plan;grad_civil_exam;health_checkup;home_organize;language_learning;learning_planning
掌控习惯 Atomic Habits,詹姆斯·克利尔,fitness_plan
排放法规(国六),—,automotive
提琴鉴赏与挑选,—,music_learning
搜索引擎营销(SEM)实战,专著,ecommerce_ops
搞定 GTD,戴维·艾伦,event_planning
搞定 Getting Things Done,戴维·艾伦,event_planning
摄影师的视界(构图与设计),Michael Freeman,photography
摄影构图与色彩设计,哈拉尔德·曼特,short_video
摄影构图学,人民邮电,photography
收纳工具与家居好物测评方法,—,home_organize
收获机械,—,modern_agriculture
收藏入门与渠道指南,—,collectibles
收藏品估值方法,—,collectibles
收藏品流动性与变现,—,collectibles
收藏品税务与传承,—,collectibles
收藏避坑手册,—,collectibles
改变世界的机器 The Machine That Changed the World,沃麦克 等,industrialization
改造传统农业,西奥多·舒尔茨,modern_agriculture
放松反应(The Relaxation Response),Herbert Benson,sleep_health
故事,罗伯特·麦基,writing_polish
故事:材质、结构、风格和银幕剧作的原理,罗伯特·麦基,short_video
故事力(Building a StoryBrand),Donald Miller,presentation_skills
救命饮食,坎贝尔,food_processing
救命饮食 The China Study,坎贝尔,food_processing
教育心理学,陈琦/刘儒德,child_education;learning_planning
教育的目的,怀特海,child_education
数字PR与品牌传播,—,seo_growth
数字信号处理,—,aerospace
数字化制造与装配,—,aerospace
数字化造船与精度管理,—,shipbuilding_marine
数字集成电路,Rabaey,electronics_semiconductor
数据安全法实务,专著,contract_review
数据完整性(ALCOA+),—,pharma_biomfg
数据库系统概念,Silberschatz 等,program_management
数据治理与质量管理,专著,data_analytics
数据驱动,车品觉,seo_growth;short_video
数控加工工艺与编程,—,machinery
数控加工技术,—,aerospace
数码单反摄影从入门到精通,—,photography
整体形象设计,—,fashion_styling
整理收纳师国家职业技能标准,—,home_organize
整车性能开发与评价,—,car_purchase
整车总布置设计,—,automotive
文心,夏丏尊/叶圣陶(三联版),writing_polish
文心雕龙,刘勰,writing_polish
文案训练手册,约瑟夫·休格曼,ecommerce_ops;seo_growth;writing_polish
文物保护学概论,—,collectibles
文物保护材料学,—,collectibles
文物保护科技检测,—,collectibles
文物艺术品流通,—,collectibles
文物鉴定与鉴赏,—,collectibles
文章作法,夏丏尊/刘薰宇,writing_polish
断舍离,山下英子,fashion_styling;home_organize;purchase_decision
新公司法理解与适用,最高院,legal_consulting
新化学物质环境管理登记办法,—,chemical_industry
新型农业经营主体,—,agriculture
新型墙体材料,专著,construction_materials
新娘妆造与跟妆流程指南,综合,wedding_planning
新家庭如何塑造人,萨提亚,child_education
新手养花避坑指南,—,gardening
新概念英语,L.G. 亚历山大,language_learning
新编药物学,—,chronic_disease
新能源汽车技术,—,automotive
新能源汽车标准,—,automotive
新能源汽车结构与原理(全彩图解),—,car_purchase
新能源汽车维护保养,—,car_purchase
新药研发与临床试验(GCP),—,pharma_biomfg
新高考选科政策解读,各省教育考试院,learning_planning
施瓦茨外科学原理,Schwartz,family_doctor
施瓦辛格健身全书,阿诺德·施瓦辛格,fitness_plan;nutrition_fitness
旅行的艺术,阿兰·德波顿,travel_deep;travel_planning
无人驾驶与远程采矿,—,mining_extraction
无价,威廉·庞德斯通,gift_selection
无器械健身,马克·劳伦,fitness_plan;nutrition_fitness
无形资产评估(资产评估教材),—,ip_patent
无损检测(NDT手册),—,aerospace;metallurgy
无损检测技术,—,machinery
无条件养育,艾尔菲·科恩,parenting_baby
无菌工艺与洁净室(ISO 14644),ISO,pharma_biomfg
日本蜡烛图技术,史蒂夫·尼森,stock_trading
时令食材手册,专著,cooking_recipe
时尚通史,Survey of Historic Costume,fashion_styling
时装设计元素:款式与样板,—,fashion_styling
明室(Camera Lucida),罗兰·巴特,photography
明室:摄影札记,罗兰·巴特,travel_deep;travel_planning
明清家具鉴赏与研究,王世襄,collectibles
明清瓷器鉴定,耿宝昌,collectibles
星际航行概论,钱学森,aerospace
显微鉴定技术,—,collectibles
显示技术原理与面板参数,专著,digital_office
普通地质学,—,mining_extraction
普通混凝土配合比设计规程 JGJ 55,行标,construction_materials
智慧农业导论,—,agriculture
智慧农业系统集成,—,modern_agriculture
智能制造与工业4.0,—,automotive
智能制造导论,—,aerospace
智能可穿戴纺织品,—,textiles
智能建筑设计标准 GB 50314,国标,construction_materials
智能矿山技术,—,mining_extraction
智能网联汽车,—,automotive
暖通空调,陆亚俊,construction_materials
曲式与作品分析,—,music_learning
更瘦更强壮,迈克尔·马修斯,fitness_plan
更瘦更强壮 Bigger Leaner Stronger,迈克尔·马修斯,fitness_plan
曼德尔感染病学,Mandell,family_doctor
最优估计与卡尔曼滤波,—,aerospace
最好的告别,阿图·葛文德,chronic_disease;elder_care;family_doctor
最好的告别 Being Mortal,阿图·葛文德,elder_care;health_checkup
最高人民法院指导性案例汇编,最高院,legal_consulting
有吸收力的心灵,蒙台梭利,child_education
有效资产管理,William Bernstein,stock_trading;tax_insurance
有效需求分析,—,product_manager
有机农业生产技术,—,agriculture
有机园艺土壤管理,—,gardening
服务设计实务,—,event_planning
服装人体造型,—,fashion_styling
服装工艺学,—,textiles
服装搭配学,—,fashion_styling
服装材料学,—,textiles
服装结构设计(工业纸样),—,textiles
服装设计学,教材,fashion_styling
服装面料学,教材,fashion_styling
期货市场技术分析,约翰·墨菲,stock_trading
机动车保险条款解读,—,car_purchase
机动车安全技术条件(GB7258),—,automotive
机器人学导论(Introduction to Robotics),约翰·克雷格,machinery
机构投资的创新之路,大卫·史文森,stock_trading
机械制图(GB),—,machinery
机械制图国家标准,GB,machinery
机械制造技术基础,—,aerospace;machinery
机械加工工艺手册,—,aerospace
机械原理,孙桓 等(高教版),machinery
机械可靠性设计,—,machinery
机械安全标准 ISO 12100,ISO,machinery
机械工程手册,—,machinery
机械工程材料,—,machinery
机械设计,濮良贵(高教版),machinery;textiles
机械设计手册,成大先,machinery
机油与润滑油选用指南,—,car_purchase
机织学,朱苏康/高卫东,textiles
杂食者的两难,迈克尔·波伦,modern_agriculture
李永乐复习全书(数学),李永乐,learning_planning
材料力学,刘鸿文,aerospace;machinery
材料力学性能,—,aerospace
材料科学基础,石德珂,aerospace;machinery;metallurgy
板带材轧制,—,metallurgy
极简主义,乔舒亚·米尔本,home_organize;purchase_decision
极简衣橱整理术,—,fashion_styling
构造地质学,—,mining_extraction
林巧稚妇科肿瘤学,连利娟 等,family_doctor
果树栽培学,—,agriculture
果蔬采后生理与保鲜,—,modern_agriculture
枪炮、病菌与钢铁,贾雷德·戴蒙德,agriculture;cross_border;industrialization;modern_agriculture
架构整洁之道,Robert C. Martin,product_manager;program_management
架构整洁之道 Clean Architecture,Robert C. Martin,startup_advisory
染整工艺学(前处理/染色/印花/整理),—,textiles
染料化学,—,chemical_industry;textiles
柯林斯/朗文英语词典,柯林斯/朗文,language_learning
栅格系统与版式设计,米勒-布罗克曼,ui_ux_review
标准化工作导则 GB/T 1.1,—,industrialization
标准美国黄卡叫牌法,—,board_game
核保实务,—,insurance_planning
核反应堆物理分析,谢仲生,energy_power
格-艾放射诊断学,Grainger & Allison,family_doctor
案例面试(Case Interview),—,resume_interview
桌游收藏与评测年鉴,—,board_game
桌游裁判手册,—,board_game
桌游配件与收纳指南,—,board_game
桥牌入门,瞿强立,board_game
桥牌初级教程,—,board_game
桥牌竞赛规则(WBF),WBF,board_game
检验结果临床意义解读,—,chronic_disease
棉花帝国:一部资本主义全球史,斯文·贝克特,textiles
植保机械与施药技术,—,modern_agriculture
植物保护学,—,agriculture;modern_agriculture
植物生理学,—,agriculture;gardening;modern_agriculture
植物病理学,—,agriculture;gardening;modern_agriculture
植物的欲望 Botany of Desire,迈克尔·波伦,modern_agriculture
植物组织培养,—,agriculture
植物营养学,—,agriculture;gardening;modern_agriculture
植物造景,苏雪痕,gardening
概率论与数理统计,高校教材,data_analytics
模拟CMOS集成电路设计,Behzad Razavi,electronics_semiconductor
模拟CMOS集成电路设计 Design of Analog CMOS IC,Behzad Razavi,electronics_semiconductor
模拟电子技术基础,童诗白,electronics_semiconductor
欧洲药典(EP),EDQM,pharma_biomfg
欧洲语言共同参考框架 CEFR,欧洲委员会,language_learning
欧盟 REACH 法规解读,—,chemical_industry
欧盟 VAT 与税务合规实务,专著,cross_border
歌之版图 The Songlines,Bruce Chatwin,travel_deep;travel_planning
正午之魔,安德鲁·所罗门,mental_wellness
正午之魔:抑郁是你我共有的秘密,安德鲁·所罗门,mental_wellness
正向强化训练手册,—,pet_care
正念,乔·卡巴金,sleep_health
正念:此刻是一枝花,卡巴金,mental_wellness
正面管教,简·尼尔森,child_education;parenting_baby
此生未完成,于娟,elder_care
母乳喂养的女性艺术,国际母乳会 LLLI,parenting_baby
母爱的羁绊,卡瑞尔·麦克布莱德,mental_wellness
民事审判指导与参考,最高院丛书,legal_consulting
民事案件案由规定理解与适用,最高院,legal_consulting
民事证据规则理解与适用,最高人民法院,dispute_rights
民事诉讼法,江伟/张卫平,contract_review;legal_consulting
民事诉讼法学,张卫平,contract_review;legal_consulting
民法典(条文+理解与适用),法律出版社,contract_review;rent_buy_house
民法典·婚姻家庭编与继承编理解与适用,最高院,legal_consulting
民法典侵权责任编理解与适用,最高人民法院,dispute_rights
民法典合同编理解与适用,最高人民法院,contract_review;legal_consulting
民法典合同编释义,法律出版社,contract_review;home_renovation
民法典继承编释义,—,elder_care
民法学,王利明,contract_review
民法思维:请求权基础理论体系,王泽鉴,legal_consulting
民法总论,王利明,legal_consulting
民用建筑工程室内环境污染控制标准 GB50325,—,home_renovation
民用建筑热工设计规范 GB 50176,国标,construction_materials
民用建筑电气设计标准 GB 51348,国标,construction_materials
民用建筑设计统一标准 GB 50352,国标,construction_materials
气压传动,—,machinery
氢冶金技术,—,metallurgy
氢能技术,—,energy_power
水产养殖学,—,agriculture
水泥工艺学,专业教材,construction_materials
水肥一体化技术,—,agriculture;modern_agriculture
永磁同步电机控制,—,automotive
永续农业概论,比尔·莫利森,agriculture
江城,彼得·海斯勒(何伟),travel_deep;travel_planning
江村经济,费孝通,modern_agriculture
汪曾祺谈吃,汪曾祺,dining_recommendation
汽车 NVH 入门,—,car_purchase
汽车NVH控制技术,—,automotive
汽车为什么会跑:图解汽车构造与原理,陈新亚,automotive;car_purchase
汽车产品认证(3C),—,automotive
汽车保养手册,—,car_purchase
汽车信息安全标准,—,automotive
汽车制造工艺学,—,automotive
汽车发动机原理,王建昕/帅石金,automotive
汽车变速器设计,—,automotive
汽车召回信息查询手册,—,car_purchase
汽车召回管理,—,automotive
汽车可靠性与质量评价,—,car_purchase
汽车安全法规,—,automotive
汽车工程手册,—,car_purchase
汽车底盘构造与设计,—,automotive
汽车悬架系统设计,—,automotive
汽车故障诊断与排除,—,car_purchase
汽车是怎样跑起来的,御堀直嗣,automotive;car_purchase
汽车构造,陈家瑞,automotive;car_purchase
汽车理论,余志生,automotive;car_purchase
汽车电子技术,—,automotive
汽车电子电气架构,—,automotive
汽车碰撞安全,—,automotive
汽车空气动力学,—,automotive
汽车维修与保养基础,—,car_purchase
汽车维修工艺手册,—,car_purchase
汽车设计,王望予,automotive;car_purchase
汽车评测方法论,—,car_purchase
汽车车身设计,—,automotive
汽车轻量化设计,—,automotive
汽车配件辨识与采购,—,car_purchase
汽车金融与分期方案解析,—,car_purchase
汽轮机原理,—,energy_power
沃顿商学院最受欢迎的谈判课,斯图尔特·戴蒙德,contract_review
沈渔邨精神病学,陆林 修订,family_doctor
沙盘游戏疗法,—,child_education
沟通的艺术(插图修订第15版),罗纳德·B·阿德勒,debate_speech;wedding_planning
油耗与积分政策,—,automotive
法伯睡眠宝典(Solve Your Child's Sleep),理查德·法伯,parenting_baby
法律的概念,哈特(H.L.A. Hart),contract_review;legal_consulting
法律经济学,理查德·波斯纳,dispute_rights
法律解释方法,专著,contract_review
法理学,张文显,legal_consulting
法餐烹饪基础(Le Cordon Bleu),专著,cooking_recipe
注射美容并发症防治,—,skincare_beauty
洛克伍德-格林成人骨折,Rockwood & Green,family_doctor
洞穴奇案,彼得·萨伯,contract_review;dispute_rights;legal_consulting
活出生命的意义,维克多·弗兰克尔,mental_wellness
活动执行手册,—,event_planning
活动策划与项目管理,Event Planning,wedding_planning
活动策划全攻略,—,event_planning
活动策划完全手册,—,event_planning
活动策划实战全攻略,—,event_planning
活动预算与成本控制实务,—,event_planning
流体力学与传热,—,chemical_industry
流化床反应工程,—,chemical_industry
流量池,杨飞,ecommerce_ops;seo_growth
测土配方施肥技术,—,modern_agriculture
测试驱动开发(TDD by Example),Kent Beck,program_management
浪漫一代,查尔斯·罗森,music_learning
浪潮之巅,吴军,career_transition;electronics_semiconductor;industrialization
浮选,—,mining_extraction
海关 HS 编码与关税实务,专著,cross_border
海外仓运营与库存管理,专著,cross_border
海姆立克急救法图解,—,parenting_baby
海权论,阿尔弗雷德·马汉,shipbuilding_marine
海洋工程概论,—,shipbuilding_marine
涂料工艺,—,chemical_industry
涂装技术,—,automotive
消费品质量与安全标准读本,—,gift_selection
消费心理与理性购物,—,skincare_beauty
消费心理学,专业教材,digital_office
消费欺诈识别与维权,专著,digital_office
消费电子选购指南,—,purchase_decision
消费纠纷裁判规则汇编,专著,dispute_rights
消费维权与餐饮投诉指引,专著,dining_recommendation
消费维权渠道指南,专著,dispute_rights
消费者协会工作实务,专著,dispute_rights
消费者投诉行为研究,专著,dispute_rights
消费者权益保护法(条文),法律出版社,digital_office
消费者权益保护法实务,—,gift_selection;home_organize;home_renovation
消费者权益保护法释义,法律出版社,dispute_rights
消费者行为学,—,agriculture;dining_recommendation;gift_selection
消费者购车决策与权益保护,—,car_purchase
消费金融与分期陷阱,—,purchase_decision
消防给水及消火栓系统技术规范 GB 50974,国标,construction_materials
液体火箭发动机,—,aerospace
液压传动,王积伟,machinery
淘系/抖系搜索与推荐机制,专著,ecommerce_ops
淮扬菜系,专著,cooking_recipe
深入浅出 SQL,Head First,data_analytics
深入浅出数据分析,Michael Milton,generic_consulting
深入浅出数据分析 Head First Data Analysis,Michael Milton,generic_consulting
深入理解计算机系统(CSAPP),Bryant & O'Hallaron,digital_office
深度学习,Goodfellow 等,automotive
深度工作,卡尔·纽波特,career_transition
深度工作 Deep Work,卡尔·纽波特,grad_civil_exam;learning_planning
混凝土外加剂及其应用技术,专著,construction_materials
混凝土外加剂应用技术规范 GB 50119,国标,construction_materials
混凝土结构(上中下),东南/同济,construction_materials
混凝土结构工程施工规范 GB 50666,国标,construction_materials
混凝土结构工程施工质量验收规范 GB 50204,国标,construction_materials
混凝土结构设计原理,高校教材,construction_materials
混凝土结构设计规范 GB 50010,国标,construction_materials
混凝土质量控制标准 GB 50164,国标,construction_materials
混合动力汽车技术,—,automotive
清单革命,阿图·葛文德,_管理类共用书单;career_transition
清单革命 The Checklist Manifesto,阿图·葛文德,health_checkup
清真/犹太洁食饮食规范,专著,dining_recommendation
清醒思考的艺术,罗尔夫·多贝里,generic_consulting
温室工程学,—,agriculture
温湿度与光照控制,—,collectibles
游戏力,劳伦斯·科恩,child_education;parenting_baby
游戏改变世界,简·麦戈尼格尔,event_planning
游戏改变世界 Reality Is Broken,简·麦戈尼格尔,event_planning
游戏机制:高级游戏设计技术,Adams & Dormans,board_game
游戏硬件与帧率优化,专著,digital_office
游戏设计艺术(第2版),Jesse Schell,board_game;event_planning
漏斗分析与归因,专著,ecommerce_ops
演奏焦虑与心理调节,—,music_learning
演讲的力量(TED Talks),Chris Anderson,presentation_skills
漫步华尔街,马尔基尔,career_transition;collectibles;family_finance;stock_trading;tax_insurance
漫步华尔街 A Random Walk Down Wall Street,伯顿·马尔基尔,family_finance
激光与光电治疗学,—,skincare_beauty
激光雷达原理,—,automotive
激痛点疗法手册,—,fitness_plan
灌溉与水肥一体化,—,gardening
灌溉排水工程学,—,agriculture
灵活如豹,凯利·斯塔雷特,fitness_plan
灵活如豹 Becoming a Supple Leopard,凯利·斯塔雷特,fitness_plan
点石成金(Don't Make Me Think),Steve Krug,product_manager
炼钢学,—,metallurgy
炼铁学,—,metallurgy
炼铁工艺与设备,—,metallurgy
烂尾楼风险与保交楼,—,rent_buy_house
热力发电厂,—,energy_power
热处理工艺手册,—,machinery
热度与标签运营白皮书,平台官方,short_video
热管理系统设计,—,automotive
热轧带钢生产,—,metallurgy
热锅上的家庭,—,child_education
热障涂层技术,—,aerospace
烹饪原料学,专业教材,cooking_recipe
烹饪工艺学,高校教材,cooking_recipe
焊接工程,—,aerospace
焊接工艺,—,automotive
焊接方法与设备,—,machinery
煤矿安全规程,—,mining_extraction
照护者心理支持手册,—,elder_care
燃料电池技术,—,automotive
燃气轮机原理,—,energy_power
爆款文案,关健明,ecommerce_ops;seo_growth;short_video
爆款文案/自媒体写作方法论,综合,writing_polish
爆破工程,—,mining_extraction
爱和自由,孙瑞雪,child_education;parenting_baby
爱的五种语言,盖瑞·查普曼,child_education;gift_selection;mental_wellness
父母效能训练手册,托马斯·戈登,child_education
父母的语言,达娜·萨斯金德,parenting_baby
版面设计法则,综合,ui_ux_review
牛津书虫分级读物,牛津大学出版社,language_learning
物品:理解囤积症,兰迪·弗罗斯特,home_organize
物理冶金原理,—,metallurgy
特殊钢与高温合金,—,metallurgy
特种设备安全监察条例,—,chemical_industry
犬猫品种性格与遗传病图谱,—,pet_care
犬猫急诊与重症医学,—,pet_care
犬猫疾病学(小动物内科),—,pet_care
犬猫皮肤病学,—,pet_care
犬猫美容造型完全手册,—,pet_care
犬猫营养需求 NRC,NRC,pet_care
犬种标准造型图鉴,—,pet_care
狗:狗的起源、行为与演化,雷蒙德·科平格,pet_care
狗:起源行为与演化,雷蒙德·科平格,pet_care
独立站(Shopify)运营实战,专著,cross_border
猫行为问题诊疗,帕姆·约翰逊-本奈特,pet_care
玉器辨伪,—,collectibles
王江涛考研英语高分写作,王江涛,learning_planning
现代临床营养学,—,chronic_disease
现代控制理论,—,aerospace
现代操作系统,Tanenbaum,digital_office
现代物流学,—,industrialization
现代营养学,Modern Nutrition,cooking_recipe;nutrition_fitness
现代造船模式(壳舾涂一体化),—,shipbuilding_marine
理论力学,哈工大,machinery
瓷器辨伪,—,collectibles
生产力工具与效率方法,专著,digital_office
生产计划与控制,—,automotive
生命价值法与需求分析法,—,insurance_planning
生态纺织与无水染色技术,—,textiles
生鲜电商运营,—,agriculture
用图表说话,Gene Zelazny,presentation_skills
用户体验度量,Tullis & Albert,product_manager;ui_ux_review
用户体验要素,Jesse James Garrett,product_manager;ui_ux_review
用户生命周期与 RFM 模型,专著,ecommerce_ops
用户生命周期管理(LTV),—,private_domain
由内而外的教养,丹尼尔·西格尔,child_education
甲状腺结节 TI-RADS 分级指南,—,health_checkup
申论范文与历年真题,主流机构,grad_civil_exam
电催化与光催化,—,chemical_industry
电力市场原理,—,energy_power
电力电子技术,—,automotive;energy_power
电力电子技术 Power Electronics,Ned Mohan,energy_power
电力系统分析,何仰赞,energy_power;industrialization
电力系统暂态分析,—,energy_power
电力系统稳态分析,—,energy_power
电力系统继电保护,—,energy_power
电动汽车原理与构造,—,automotive
电化学储能技术,—,energy_power
电商带货与广告合规规范,平台官方,short_video
电商数据分析与指标体系,专著,ecommerce_ops
电商运营实战,专著,ecommerce_ops
电商陷阱与套路解析,专著,digital_office
电声乐器与设备入门,—,music_learning
电子产品质量与可靠性,专著,digital_office
电子商务法,法律出版社,dispute_rights
电子数据取证与鉴定,专著,dispute_rights
电子证据法,专著,dispute_rights
电影镜头设计(分镜到银幕),Steven Katz,short_video
电机与拖动基础,—,automotive
电机学,汤蕴璆,energy_power
电气控制与 PLC 应用,—,machinery
电池安全标准(GB38031),—,automotive
电池循环寿命与衰减,专著,digital_office
电池管理系统(BMS),—,automotive;energy_power
电炉炼钢技术,—,metallurgy
留学费用与奖学金官方信息,院校/政府,study_abroad
畜产品加工学,—,agriculture
畜禽传染病学,—,agriculture
疯传,乔纳·伯杰,gift_selection
疯传 Contagious,乔纳·伯杰,writing_polish
疼痛的真相 Explain Pain,大卫·巴特勒 等,nutrition_fitness
疼痛的真相(Explain Pain),大卫·巴特勒 等,nutrition_fitness
痛风及高尿酸血症饮食管理,专著,dining_recommendation
白布局,吴清源,board_game
白帽子讲 Web 安全,吴翰清,program_management
皮肤病学,人卫教材,skincare_beauty
皮肤美容外科学,—,skincare_beauty
"盐,脂肪,酸,热",萨明·诺斯拉特,food_processing
"盐,脂肪,酸,热 Salt Fat Acid Heat",萨明·诺斯拉特,food_processing
目标 The Goal,高德拉特,industrialization
相约星期二,米奇·阿尔博姆,elder_care
相约星期二 Tuesdays with Morrie,米奇·阿尔博姆,elder_care
看不见的城市,伊塔洛·卡尔维诺,travel_deep;travel_planning
真实的幸福,塞利格曼,mental_wellness
睡眠医学(Principles & Practice),Kryger 等,sleep_health
睡眠医学理论与实践,Kryger,mental_wellness
睡眠卫生(Sleep Hygiene)指南,—,sleep_health
睡眠环境与睡眠质量研究综述,—,sleep_health
睡眠障碍国际分类 ICSD-3,AASM,sleep_health
睡眠革命,尼克·利特尔黑尔斯,mental_wellness;sleep_health
瞬间之美:Web 界面设计,Robert Hoekman,ui_ux_review
知识产权侵权损害赔偿裁判规则,—,legal_consulting
知识产权战略管理,—,ip_patent
知识产权法,吴汉东,contract_review;ip_patent;legal_consulting
知识产权海外布局与侵权应对,专著,cross_border
知识产权评估准则,—,ip_patent
知识产权诉讼与维权实务,—,ip_patent
知识付费产品设计,—,short_video
短视频与直播运营实务,专著,ecommerce_ops
短视频营销,—,agriculture
矿井瓦斯防治,—,mining_extraction
矿井通风与安全,—,mining_extraction
矿井防治水,—,mining_extraction
矿产勘查学,—,mining_extraction
矿区水土保持,—,mining_extraction
矿山固废资源化,—,mining_extraction
矿山安全工程,—,mining_extraction
矿山应急救援与避灾,—,mining_extraction
矿山机械,—,mining_extraction
矿山环境工程,—,mining_extraction
矿山电气与自动化,—,mining_extraction
矿山运输与提升,—,mining_extraction
矿床学,—,mining_extraction
研招网官方招生专业目录,教育部研招网,learning_planning
研招网政策文件汇编,教育部研招网,grad_civil_exam
研究方法论,教材,generic_consulting
研究生招生考试大纲,教育部,grad_civil_exam
碎矿与磨矿,—,mining_extraction
碰撞安全标准(C-NCAP),—,automotive
碳排放权交易概论,—,energy_power
碳达峰碳中和与钢铁行业,—,metallurgy
礼仪金说,金正昆,gift_selection
礼物:古式社会中交换的形式与理由,马塞尔·莫斯,gift_selection
礼物寓意与彩头习俗汇编,—,gift_selection
礼记(饮食礼仪篇),儒家经典,dining_recommendation;wedding_planning
社会保险法解读,—,legal_consulting
社会保障学,郑功成,elder_care;family_finance
社会心理学,戴维·迈尔斯,debate_speech;generic_consulting;gift_selection
社会研究方法,艾尔·巴比,generic_consulting
社保与商保衔接读本,—,insurance_planning
社群营销,—,private_domain
福格行为模型,BJ·福格,fitness_plan;home_organize;time_productivity
福格行为模型 Tiny Habits,BJ·福格,fitness_plan
离婚财产分割裁判规则,—,legal_consulting
私人洽购实务,—,collectibles
种子学,—,agriculture;modern_agriculture
科技考古学,—,collectibles
租赁与共享经济,—,purchase_decision
积分换酒店/里程兑换攻略,综合,travel_planning
税务稽查实务与案例,—,tax_insurance
税法,中国税务出版社教材,family_finance
稳定性研究(ICH Q1),ICH,pharma_biomfg
穷查理宝典,彼得·考夫曼 编,career_transition;collectibles;family_finance;generic_consulting;gift_selection;insurance_planning;ip_patent;purchase_decision;startup_advisory;stock_trading;tax_insurance
穷游锦囊系列,穷游网,travel_deep;travel_planning
空气调节,电子工业,construction_materials
穿搭有术,—,fashion_styling
竞争优势,迈克尔·波特,stock_trading
竞争战略,迈克尔·波特,career_transition;generic_consulting;ip_patent
竞争战略 Competitive Strategy,迈克尔·波特,generic_consulting;startup_advisory;stock_trading
童年的秘密,蒙台梭利,child_education
第三餐盘,丹·巴伯,modern_agriculture
第二曲线创新,查尔斯·汉迪,career_transition
第二次机器革命,布莱恩约弗森,generic_consulting;industrialization
第二次机器革命 The Second Machine Age,布莱恩约弗森,generic_consulting
第二语言习得概论,Rod Ellis,language_learning
第五项修炼,彼得·圣吉,_管理类共用书单
第四次工业革命,克劳斯·施瓦布,industrialization
策略思维,迪克西特/奈尔伯夫,board_game
签证材料清单与表格(DS-160/I-20/CAS/CoE),各国官方,study_abroad
简单的逻辑学,D.Q. McInerny,debate_speech
简历写作实战,—,resume_interview
简约至上(第2版),贾尔斯·科尔伯恩,ui_ux_review
管教恶猫,杰克逊·盖勒克西,pet_care
管理会计,—,agriculture
管理的实践,彼得·德鲁克,_管理类共用书单
米其林必比登平价榜,米其林,travel_planning
米其林指南(年度),米其林,dining_recommendation;travel_deep;travel_planning
米其林绿色指南,米其林,travel_deep;travel_planning
米勒麻醉学,Miller's,family_doctor
类似商品和服务区分表(尼斯分类),—,ip_patent
粤菜烹饪,专著,cooking_recipe
粮食安全与国家战略,—,modern_agriculture
粮食安全政策,—,agriculture
精准农业,—,agriculture
精准农业导论,—,modern_agriculture
精准拉伸,—,nutrition_fitness
精力管理,吉姆·洛尔/托尼·施瓦茨,time_productivity
精密与超精密加工技术,—,aerospace
精益供应链,—,automotive
精益创业,埃里克·莱斯,career_transition
精益创业 The Lean Startup,埃里克·莱斯,industrialization;startup_advisory
精益数据分析,Croll & Yoskovitz,product_manager
精益数据分析 Lean Analytics,Croll & Yoskovitz,startup_advisory
精益生产,—,automotive
精神科急诊处理指南,—,mental_wellness
精细化工概论,—,chemical_industry
精细有机合成原理及技术,—,chemical_industry
精装房验收清单,—,rent_buy_house
精馏过程与设备,—,chemical_industry
糖尿病慢性并发症诊治,—,chronic_disease
糖尿病肾病诊疗,—,chronic_disease
糖尿病视网膜病变筛查,—,chronic_disease
糖尿病足防治,—,chronic_disease
系统之美,德内拉·梅多斯,generic_consulting
系统之美 Thinking in Systems,德内拉·梅多斯,generic_consulting
系统安全性分析 SAE ARP4761,—,aerospace
紫砂壶鉴赏,—,collectibles
纤维化学与物理,蔡再生 等,textiles
纤维成分定性定量分析(FZ/T),行业标准,textiles
纪念品与伴手礼设计,—,event_planning
纳瓦尔宝典,Eric Jorgenson,career_transition
纳税筹划,—,family_finance
纳米催化材料,—,chemical_industry
纸质/书画文物保护,—,collectibles
纺纱学,郁崇文 等,textiles
纺织品检测与质量控制,—,textiles
纺织品鉴别与选购,—,fashion_styling
纺织机械设计原理,—,textiles
纺织材料学,于伟东,textiles
纺织概论,—,textiles
纺织自动化与智能制造,—,textiles
线性系统理论,—,aerospace
组织行为学,斯蒂芬·罗宾斯,_管理类共用书单
细胞培养技术,—,pharma_biomfg
终结糖尿病,乔尔·福尔曼,chronic_disease
终身成长,卡罗尔·德韦克,_管理类共用书单;career_transition;mental_wellness;music_learning
终身成长 Mindset,卡罗尔·德韦克,grad_civil_exam;learning_planning;mental_wellness;music_learning
经济发展理论,熊彼特,industrialization
经济法学,漆多俊,contract_review
结构力学,龙驭球,construction_materials
结构思考力,李忠秋,presentation_skills
统计学,贾俊平,generic_consulting
统计学习基础(ESL),Hastie 等,prompt_engineering
统计学习方法,李航,data_analytics;generic_consulting
统计学的世界,戴维·S·穆尔,data_analytics
统计推断(Statistical Inference),Casella & Berger,data_analytics
统计过程控制 SPC,—,machinery
统计陷阱,达莱尔·哈夫,generic_consulting
继承法律实务,—,elder_care
维修性工程,—,aerospace
维基百科可靠来源与可验证性方针,Wikipedia,writing_polish
绿色化学(Green Chemistry),Anastas,chemical_industry
绿色建筑评价标准 GB/T 50378,国标,construction_materials
绿色矿山建设规范,—,mining_extraction
缓控释制剂技术,—,pharma_biomfg
编剧的艺术,拉约什·埃格里,short_video
网站分析实战,王彦平/吴盛锋,seo_growth;short_video
网络安全法详解,专著,contract_review
罗森急诊医学,Rosen's,family_doctor
罗马法原论,周枏,contract_review
置身事内,兰小欢,rent_buy_house
置身事内:中国政府与经济发展,兰小欢,rent_buy_house
美丽圣经,Paula Begoun,skincare_beauty
美国 TSCA 化学品管理,—,chemical_industry
美国儿科学会育儿百科(第7版),美国儿科学会,child_education;parenting_baby
美国纽约摄影学院摄影教材(上),NYIP,photography
美国纽约摄影学院教材,NYIP,wedding_planning
美国药典(USP),USP,pharma_biomfg
翻新机/二手机鉴别手册,专著,digital_office
老人与海(作家榜版),欧内斯特·海明威,gift_selection
老年人合理用药,—,chronic_disease
老年人权益保障法释义,—,elder_care
老年人运动指导,—,chronic_disease
老年医学,人卫教材,elder_care
老年心理学,教材,elder_care
老年急症识别与处理,—,elder_care
老年护理学,人卫教材,elder_care
老年综合评估(CGA)实务,—,elder_care
老饕漫笔,赵珩,dining_recommendation
考研复试英语口语与专业课指南,—,grad_civil_exam
考研政治大纲解析,肖秀荣系列,grad_civil_exam
考研数学复习全书,李永乐/张宇,grad_civil_exam
考研英语历年真题(黄皮书),张剑,grad_civil_exam
考研英语黄皮书(历年真题),张剑,learning_planning
考试脑科学,池谷裕二,grad_civil_exam;language_learning;learning_planning
耕作学,—,agriculture
聂卫平围棋教程(从入门到15级),聂卫平,board_game
聆听音乐(How to Listen to Music),克雷格·莱特,music_learning
职业健康与粉尘防治,—,mining_extraction
职业锚理论,埃德加·沙因,career_transition
聪明的投资者,格雷厄姆,career_transition;collectibles;family_finance;stock_trading;tax_insurance
肌肉与力量全书,马克·瑞比托 等,nutrition_fitness
肌肉骨骼系统检查与评估,—,nutrition_fitness
肖秀荣考研政治精讲精练,肖秀荣,learning_planning
肠内肠外营养,—,chronic_disease
股权架构与员工期权(ESOP),—,startup_advisory
股权激励个人所得税征管规定,财税文件,tax_insurance
股权设计与公司治理,—,legal_consulting
股票作手回忆录,埃德温·勒菲弗,family_finance;stock_trading
肥料学,—,agriculture;gardening;modern_agriculture
肺结节诊治中国专家共识,—,health_checkup
肿瘤标志物临床应用专家共识,—,health_checkup
背景调查规范,—,resume_interview
胶囊衣橱实践指南,—,fashion_styling
能力陷阱,埃米尼亚·伊贝拉,career_transition
能源与文明,瓦茨拉夫·斯米尔,energy_power
能源与文明 Energy and Civilization,瓦茨拉夫·斯米尔,energy_power
能源技术经济学,—,industrialization
能源经济学,—,energy_power
自制宠物鲜食营养指南,—,pet_care
自动控制原理,胡寿松,aerospace;machinery
自动驾驶仿真测试,—,automotive
自动驾驶汽车技术,—,automotive
自控力,凯利·麦格尼格尔,fitness_plan;grad_civil_exam;home_organize;language_learning;nutrition_fitness
自杀论,埃米尔·涂尔干,mental_wellness
自杀风险评估 C-SSRS 手册,哥伦比亚,mental_wellness
自然光摄影,—,photography
自驱型成长,威廉·斯蒂克斯鲁德 等,child_education;learning_planning
臭鼬工厂回忆录,本·里奇 等,aerospace
至味在人间,陈晓卿,dining_recommendation;travel_deep;travel_planning
舌尖上的中国(图书版),央视纪录片组,dining_recommendation
舞台音响灯光基础,—,event_planning
航空发动机原理,—,aerospace
航空发动机气动热力学,—,aerospace
航空材料学,—,aerospace
航空航天工程导论,—,aerospace
船体强度与结构设计,—,shipbuilding_marine
船舶制造工艺学,—,shipbuilding_marine
船舶动力装置原理与设计,—,shipbuilding_marine
船舶原理(上/下册),盛振邦/刘应中,shipbuilding_marine
船舶涂装技术(IMO PSPC),—,shipbuilding_marine
船舶电力推进系统,—,shipbuilding_marine
船舶结构力学,—,shipbuilding_marine
船舶设计原理,林焰 等,shipbuilding_marine
色彩与脸型分析手册,—,skincare_beauty
色彩与花境设计,—,gardening
色彩搭配原理与技巧,—,fashion_styling
色彩的秘密生活,卡西亚·圣克莱尔,fashion_styling
色彩设计的原理,伊达千代,home_renovation
艺术品交易法律实务,—,collectibles
艺术品价格指数解读,—,collectibles
艺术品保险与质押,—,collectibles
艺术品市场学,—,collectibles
艺术品投资学,—,collectibles
艺术品金融,—,collectibles
艺术经济学,—,collectibles
艺术金融与资产配置,—,collectibles
艾略特波浪理论,普莱切特/弗罗斯特,stock_trading
节令食物典故,专著,dining_recommendation
节水灌溉技术,—,agriculture
芝加哥格式手册,The Chicago Manual of Style,writing_polish
芯片战争,余盛,electronics_semiconductor;industrialization
芯片战争 Chip War,余盛,electronics_semiconductor
芯片浪潮,—,electronics_semiconductor
芯片简史,汪波,electronics_semiconductor
花卉栽培学,教材,gardening
花园设计指南,—,gardening
苏格拉底诘问法,专著,debate_speech
苹果/安卓/Windows 生态对比,专著,digital_office
药剂学,人卫教材,pharma_biomfg
药品注册管理办法,NMPA,pharma_biomfg
药品生产质量管理规范(GMP/cGMP),NMPA/FDA/EU,pharma_biomfg
药品管理法,全国人大,pharma_biomfg
药物化学,人卫教材,pharma_biomfg
药物合成反应,闻韧,pharma_biomfg
药物相互作用,—,chronic_disease
药物递送系统(DDS),—,pharma_biomfg
药理学,人卫教材,chronic_disease
菊与刀,鲁思·本尼迪克特,travel_deep;travel_planning
菜单设计与餐标核算指南,综合,wedding_planning
营养与睡眠专题,—,sleep_health
营养与食品卫生学,—,chronic_disease
营养学:概念与争论,Sizer & Whitney,cooking_recipe
营销管理,菲利普·科特勒,seo_growth
萨提亚家庭治疗模式,维吉尼亚·萨提亚,child_education
著作权法,王迁,legal_consulting
著作权法原理与案例,专著,contract_review
蒂氏急诊医学,Tintinalli's,family_doctor
蒙台梭利早期教育法,蒙台梭利,child_education;parenting_baby
蓝海战略,金/莫博涅,generic_consulting
蓝海战略 Blue Ocean Strategy,金/莫博涅,startup_advisory
蔡澜美食随笔系列,蔡澜,travel_deep;travel_planning
蔬菜园丁圣经,爱德华·史密斯,gardening
蔬菜园丁圣经 The Vegetable Gardener's Bible,爱德华·史密斯,gardening
蔬菜栽培学,—,agriculture
薄世宁医学通识讲义,薄世宁,health_checkup
薪资谈判实战,—,resume_interview
虹越花卉百科,—,gardening
蛤蟆先生去看心理医生,罗伯特·戴博德,mental_wellness
血常规与生化指标临床意义手册,—,health_checkup
血糖/血压家庭监测规范,—,chronic_disease
行业研究报告,—,resume_interview
行为改变的跨理论模型,—,chronic_disease
行为面试 STAR 法则,—,resume_interview
行测教材与历年真题,粉笔/华图,grad_civil_exam
表面工程学,—,machinery
表面活性剂化学,—,chemical_industry
被动式低能耗建筑技术导则,住建部,construction_materials
被讨厌的勇气,岸见一郎,home_organize;mental_wellness
裂变营销实战,—,private_domain
装配式混凝土结构技术规程 JGJ 1,行标,construction_materials
裸车价/落地价拆解手册,—,car_purchase
西尔斯亲密育儿百科,威廉·西尔斯,parenting_baby
西尔斯母乳喂养全书,玛莎·西尔斯/威廉·西尔斯,parenting_baby
西方礼仪经典 Etiquette,埃米莉·波斯特,gift_selection
西方音乐史,于润洋,music_learning
西窗法雨,刘星,legal_consulting
西餐工艺,专业教材,cooking_recipe
观看之道,约翰·伯格,photography
观赏植物学,—,gardening
规模:复杂世界的简单法则,杰弗里·韦斯特,industrialization
视唱练耳教程,—,music_learning
视觉之旅:神奇的化学元素,西奥多·格雷,chemical_industry
视觉锤,劳拉·里斯,cross_border;ecommerce_ops;ui_ux_review
解剖列车 Anatomy Trains,Thomas Myers,fitness_plan;nutrition_fitness
解剖列车(Anatomy Trains),托马斯·迈尔斯,nutrition_fitness
计算机体系结构(量化研究方法),Hennessy & Patterson,digital_office
计算机化系统验证(GAMP 5),ISPE,pharma_biomfg
计算机网络(自顶向下),Kurose & Ross,digital_office
计算机视觉,—,automotive
认知天性,彼得·布朗,career_transition;grad_civil_exam;language_learning;learning_planning
认知疗法:基础与应用,Judith Beck,family_doctor;mental_wellness
认知行为疗法:基础与应用,Judith Beck,grad_civil_exam
认识电影,路易斯·贾内梯,short_video
让创意更有黏性 Made to Stick,奇普·希思/丹·希思,writing_polish
让孩子心悦诚服,杨杰,child_education
论摄影,苏珊·桑塔格,photography;travel_deep;travel_planning;wedding_planning
论犯罪与刑罚,切萨雷·贝卡里亚,legal_consulting
论证的力量(The Uses of Argument),图尔敏,debate_speech
论钢琴表演艺术,涅高兹,music_learning
设备管理(TPM),—,automotive
设施农业工程,—,agriculture
设施园艺学,—,agriculture
设施园艺环境调控,—,gardening
设计中的设计,原研哉,gift_selection;home_renovation;ui_ux_review
设计心理学,唐纳德·诺曼,digital_office;product_manager;ui_ux_review
设计心理学 The Design of Everyday Things,唐纳德·诺曼,gift_selection;home_organize;home_renovation
设计数据密集型应用 DDIA,Martin Kleppmann,startup_advisory
设计模式(GoF),Gamma 等,program_management
设计的觉醒,田中一光,ui_ux_review
证券分析,格雷厄姆/多德,family_finance
证券分析 Security Analysis,格雷厄姆 / 多德,stock_trading
证券法,叶林,legal_consulting
证据保全实务,专著,dispute_rights
证据法学,何家弘,dispute_rights;legal_consulting
诉讼成本与效益评估,专著,dispute_rights
诊断协议(UDS),—,automotive
诊断学,人卫教材,family_doctor;health_checkup
语言教学的流派,Richards & Rodgers,language_learning
语言教学课程论,Nation & Macalister,language_learning
语言本能 The Language Instinct,史蒂芬·平克,language_learning
语言的魔力,罗伯特·迪尔茨,debate_speech
说服(Pre-Suasion),西奥迪尼,presentation_skills
说服的艺术,专著,debate_speech
请柬设计与措辞礼仪手册,综合,wedding_planning
诸福棠实用儿科学,江载芳 等,family_doctor;parenting_baby
调剂流程与导师沟通实务,—,grad_civil_exam
调味品与香辛料,专著,cooking_recipe
调性和声 Tonal Harmony,科斯特卡,music_learning
谈判力,费希尔/尤里,car_purchase;contract_review;dispute_rights;presentation_skills;private_domain;purchase_decision;rent_buy_house;resume_interview
谈判是什么,盖温·肯尼迪,contract_review
谈美,朱光潜,writing_polish
谈话的力量,专著,debate_speech
谬误:辩论中的逻辑漏洞,专著,debate_speech
谷物大脑 Grain Brain,珀尔玛特,nutrition_fitness
谷物大脑(Grain Brain),戴维·珀尔玛特,nutrition_fitness
象棋的故事,斯蒂芬·茨威格,board_game
财务报表分析,—,startup_advisory
财务管理,—,agriculture
财富自由之路,博多·舍费尔,career_transition
质保条款与三包政策解读,—,car_purchase
质询与交叉辩论技巧,专著,debate_speech
质量管理(六西格玛),—,automotive
购车价格构成与砍价实务,—,car_purchase
贺卡与祝福语经典文案集,—,gift_selection
资产配置与组合管理,—,collectibles
赋能:打造应对不确定性的敏捷团队,斯坦利·麦克里斯特尔,_管理类共用书单
赤裸裸的统计学,查尔斯·惠兰,generic_consulting
赤裸裸的统计学 Naked Statistics,查尔斯·惠兰,generic_consulting
超声医学,田家玮 等,health_checkup
超级学习者(Ultralearning),斯科特·扬,career_transition
超级符号就是超级创意,华杉/华楠,private_domain;short_video;ui_ux_review
超级转化率,陈勇,seo_growth;short_video
超预测,泰特洛克,career_transition;generic_consulting
超预测 Superforecasting,菲利普·泰特洛克,generic_consulting
跃迁:成为高手的技术,古典,career_transition
跌倒预防与处理规范,—,elder_care
跑鞋生物力学与选购指南,—,nutrition_fitness
跟吴清源大师学围棋,马诤,board_game
跨境支付与收款实务,专著,cross_border
跨境电商广告投放(PPC)实务,专著,cross_border
跨设备互联与协议(蓝牙/Wi-Fi/Matter),专著,digital_office
跨越鸿沟,杰弗里·摩尔,career_transition;product_manager
跨越鸿沟 Crossing the Chasm,杰弗里·摩尔,startup_advisory
身体从未忘记,巴塞尔·范德考克,family_doctor;mental_wellness
身体语言密码,亚伦·皮斯,debate_speech
车尔尼练习曲 599/849/299,车尔尼,music_learning
车联网安全,—,automotive
车规级芯片设计,—,automotive
车载以太网,—,automotive
车载网络技术,—,automotive
车辆 VIN 码与里程鉴别,—,car_purchase
车辆过户与登记流程,—,car_purchase
车险理赔实务,—,car_purchase
轧制理论与工艺,—,metallurgy
轧钢机械,—,metallurgy
转危为安 Out of the Crisis,爱德华·戴明,machinery
转危为安(Out of the Crisis),爱德华·戴明,machinery
转向系统设计,—,automotive
转炉炼钢工艺,—,metallurgy
转移定价与 BEPS 指南,OECD,tax_insurance
转行(Working Identity),埃米尼亚·伊贝拉,career_transition
转行指南,—,resume_interview
软件定义汽车,—,automotive
软件需求,Karl Wiegers,product_manager
软装设计与陈设艺术,—,home_renovation
辅食每周计划,—,parenting_baby
辅食添加临床指南,WHO/AAP,parenting_baby
辩论:说理与论证的艺术,专著,debate_speech
辩证行为疗法 DBT 技能训练手册,Linehan,mental_wellness
过程安全管理(PSM),—,chemical_industry
过程系统工程,—,chemical_industry
迈克尔·弗里曼摄影大师班,Michael Freeman,photography
运动与睡眠研究综述,—,sleep_health
运动医学,—,chronic_disease
运动处方,—,chronic_disease
运动康复学,—,nutrition_fitness
运动心理学,Weinberg & Gould,nutrition_fitness
运动损伤诊疗,—,nutrition_fitness
运动改造大脑,约翰·瑞迪,fitness_plan
运动服装功能性面料技术,—,nutrition_fitness
运动生理学,—,chronic_disease;fitness_plan;nutrition_fitness
运动营养全书(全彩图解版),斯帕诺 等,chronic_disease
运动营养学,专业教材,cooking_recipe;fitness_plan;nutrition_fitness
运动补剂科学指南,—,fitness_plan
运动解剖学图谱,弗雷德里克·德拉维尔,nutrition_fitness
运营之光,黄有璨,ecommerce_ops
运营之光2.0,黄有璨,private_domain
运营管理,理查德·蔡斯,industrialization
运输类飞机适航标准 CCAR-25,—,aerospace
近零能耗建筑技术标准 GB/T 51350,国标,construction_materials
这就是OKR,约翰·杜尔,_管理类共用书单
这才是心理学(第11版),基思·斯坦诺维奇,data_analytics;debate_speech
这样装修不后悔,姥姥,home_renovation
这次不一样,莱因哈特/罗格夫,stock_trading
进出口食品检验检疫,—,food_processing
远见:职业生涯3大阶段,费瑟斯通豪,career_transition
违约责任研究,王利明,contract_review
连续制造(Continuous Manufacturing)指南,—,pharma_biomfg
连续流微反应技术,—,chemical_industry
连续铸钢,—,metallurgy
连铸设备,—,metallurgy
适航审定程序,—,aerospace
适航性:理论与实践,—,aerospace
选品方法论与市场调研,专著,cross_border
选品方法论与数据选品,专著,ecommerce_ops
选矿厂设计,—,mining_extraction
选矿学,—,mining_extraction
通往财务自由之路,范·撒普,family_finance
通用硅酸盐水泥 GB 175,国标,construction_materials
通风与空调工程施工质量验收规范 GB 50243,国标,construction_materials
逻辑学导论,Irving Copi,debate_speech
遗传学,—,agriculture
遗嘱与遗产规划实务,—,elder_care
遥感原理与应用,—,modern_agriculture
邓巴博士养狗圣经,伊恩·邓巴,pet_care
邓普顿教你逆向投资,劳伦·邓普顿 等,tax_insurance
邮票鉴赏与收藏,—,collectibles
邻家的百万富翁,托马斯·斯坦利,family_finance
邻家的百万富翁 The Millionaire Next Door,托马斯·斯坦利,family_finance
郑玉巧育儿经(婴儿卷),郑玉巧,parenting_baby
配色设计原理,—,fashion_styling;presentation_skills;ui_ux_review
酒店婚宴合同条款解读手册,综合,wedding_planning
酱汁:厨艺的核心(Sauces),James Peterson,cooking_recipe
酶工程,—,pharma_biomfg
采掘机械,—,mining_extraction
采矿学,—,mining_extraction
采矿方法,—,mining_extraction
采购与成本控制,专著,ecommerce_ops
重大危险源辨识(GB 18218),—,chemical_industry
重构:改善既有代码的设计(第2版),马丁·福勒,ui_ux_review
重疾定义使用规范(行业标准),中保协,insurance_planning
重选与磁选,—,mining_extraction
野外急救与旅行医学手册,综合,travel_deep;travel_planning
量化投资:策略与技术,丁鹏,stock_trading
金字塔原理,芭芭拉·明托,generic_consulting;presentation_skills;product_manager;writing_polish
金属切削原理与刀具,—,aerospace;machinery
金属塑性成形原理,—,metallurgy
金属学与热处理,崔忠圻,machinery;metallurgy
金属学原理,—,aerospace
金属挤压技术,—,metallurgy
金属文物保护,—,collectibles
金属有机框架(MOF),—,chemical_industry
金属材料检验,—,metallurgy
金属疲劳与断裂力学,—,aerospace
金相分析,—,metallurgy
金钱心理学,摩根·豪泽尔,family_finance
金钱心理学 The Psychology of Money,摩根·豪泽尔,family_finance;gift_selection;insurance_planning
针织学,龙海如,textiles
钛合金及钛铝化合物,—,aerospace
钢琴文献(分级),—,music_learning
钢琴选购与保养手册,—,music_learning
钢结构设计原理,陈绍蕃,construction_materials
钢结构设计标准 GB 50017,国标,construction_materials
钢铁产品质量标准,—,metallurgy
钢铁冶金原理,—,metallurgy
钢铁冶金学,—,metallurgy
钢铁工业低碳技术,—,metallurgy
钱币学概论,—,collectibles
铁碳合金相图与组织,—,metallurgy
铃木小提琴教程,铃木镇一,music_learning
铸造工艺学,—,machinery
销售套路揭秘,—,purchase_decision
销售话术与 SOP 实战,—,private_domain
锂离子电池原理与关键技术,—,energy_power
锂离子电池原理与应用,—,automotive
锅炉原理,—,energy_power
错误的行为,理查德·塞勒,career_transition;generic_consulting
错误的行为 Misbehaving,理查德·塞勒,generic_consulting
锻压工艺学,—,machinery
锻造工艺学,—,metallurgy
镜头与曝光技术手册,—,photography
长期使用评测合集,—,purchase_decision
长期护理保险政策解读,—,elder_care
长期照护服务实务,—,elder_care
闲鱼/转转避坑指南,—,purchase_decision
防伪与正品鉴别手册,—,purchase_decision
防晒(光老化与 SPF/PA)专题,—,skincare_beauty
防水工程施工规范,—,home_renovation
防火防爆技术,—,chemical_industry
防超支与隐性成本核算手册,综合,wedding_planning
阳台园艺入门,—,gardening
阿波罗是如何飞到月球的,W. David Woods,aerospace
限购限贷政策解读,—,rent_buy_house
随机漫步的傻瓜,纳西姆·塔勒布,career_transition;stock_trading
隐蔽工程验收要点手册,—,home_renovation
雅思九分写作,慎小嶷,language_learning;learning_planning
雅舍谈吃,梁实秋,dining_recommendation
集成电路 EDA 设计方法学,—,electronics_semiconductor
零售的哲学,铃木敏文,ecommerce_ops
零基础学园艺,—,gardening
露天采矿学,—,mining_extraction
青铜器/陶瓷修复技术,—,collectibles
青铜器辨伪,—,collectibles
非暴力沟通,马歇尔·卢森堡,_管理类共用书单;child_education;dispute_rights;gift_selection;mental_wellness;parenting_baby;resume_interview;wedding_planning
非织造学,柯勤飞/靳向煜,textiles
面签问答与真实案例集,—,study_abroad
音乐学习动机研究,—,music_learning
音乐神童加工厂,伊莎贝拉·瓦格纳,music_learning
顶板管理与支护,—,mining_extraction
项目成本管理,—,event_planning
项目管理知识体系指南 PMBOK,PMI,event_planning
预测机器 Prediction Machines,阿格拉沃尔 等,industrialization
预防性保护,—,collectibles
领域驱动设计,Eric Evans,product_manager
领导梯队,拉姆·查兰 等,_管理类共用书单
风光摄影后期,—,photography
风力发电原理,—,energy_power
风味人间(图书版),陈晓卿 团队,dining_recommendation
风格不朽,G.布鲁斯·博耶,fashion_styling
风格感觉,Steven Pinker,study_abroad
风格的要素(The Elements of Style),斯特伦克 / 怀特,study_abroad
风险价值 VaR,Philippe Jorion,stock_trading
风险管理与保险,George Rejda,contract_review;insurance_planning
飞机结构设计,陶梅贞,aerospace
飞机装配工艺学,—,aerospace
飞机设计手册,—,aerospace
飞行器结构动力学,—,aerospace
飞行控制系统,—,aerospace
食品保藏原理与技术,—,food_processing
食品储藏与保鲜技术,专著,cooking_recipe
食品冷冻冷藏原理与技术,—,food_processing
食品包装学,—,food_processing
食品化学,阚建全 / Belitz,food_processing
食品安全国家标准汇编,—,food_processing
食品安全学,—,food_processing
食品安全法释义,—,food_processing
食品安全风险评估,—,food_processing
食品工厂设计,—,food_processing
食品工程原理,—,food_processing
食品工艺学,教材,food_processing
食品干燥技术,—,food_processing
食品微生物学,教材,food_processing
食品机械与设备,—,food_processing
食品标签标识规范,GB7718/GB28050,food_processing
食品毒理学,—,food_processing
食品添加剂(GB2760),—,food_processing
食品科学概论,专业教材,cooking_recipe
食品自动化与智能制造,—,food_processing
食品营养学,—,food_processing
食品认证(ISO22000/BRC/FSSC),—,food_processing
食品配方设计与开发,—,food_processing
食品风味化学,—,food_processing
食物与厨艺 On Food and Cooking,哈罗德·马基,fitness_plan;food_processing
食物与厨艺(On Food and Cooking),哈洛德·马基,cooking_recipe;dining_recommendation;fitness_plan;food_processing
食物成分表,中国 CDC,cooking_recipe;dining_recommendation;nutrition_fitness
食物过敏诊疗,—,child_education
食物过敏诊疗指南,专著,dining_recommendation
餐厅运营数据分析,专著,dining_recommendation
餐桌礼仪与侍酒服务规范,专著,dining_recommendation
餐饮成本核算与控制,专业教材,dining_recommendation
餐饮服务与管理,专业教材,dining_recommendation
餐饮经营管理实务,专著,dining_recommendation
饲料学,—,agriculture
香料圣经,专著,cooking_recipe
马未都说收藏(精装典藏本·全三册),马未都,collectibles
驱动力(Drive),丹尼尔·平克,child_education
验房实战手册,—,rent_buy_house
骨科学,人卫教材,family_doctor
骨质疏松防治指南,—,chronic_disease
高产出管理,安迪·格鲁夫,_管理类共用书单
高分子化学,潘祖仁,chemical_industry
高分子物理,何曼君,chemical_industry
高尿酸血症与痛风诊疗指南,—,health_checkup
高层建筑混凝土结构技术规程 JGJ 3,行标,construction_materials
高性能 MySQL,Schwartz 等,program_management
高性能网站建设指南,Steve Souders,seo_growth
高效休息法,久贺谷亮,time_productivity
高效演讲,—,presentation_skills
高效能人士的七个习惯,史蒂芬·柯维,_管理类共用书单;career_transition;startup_advisory;time_productivity
高敏感是种天赋,伊尔斯·桑德,mental_wellness
高标准农田建设,—,agriculture
高温合金及其应用,—,aerospace
高电压技术,—,energy_power
高精度地图,—,automotive
高级创伤生命支持 ATLS,ACS,family_doctor
高级心血管生命支持 ACLS,AHA,family_doctor
高级运动营养学(第2版),丹·贝纳多特,chronic_disease
高考志愿填报指南,各省教育考试院,learning_planning
高血压靶器官损害评估,—,chronic_disease
鱼翅与花椒,扶霞·邓洛普,travel_deep;travel_planning
鲁菜烹调技术,专著,cooking_recipe
麦肯锡方法,拉塞尔,data_analytics;generic_consulting
麦肯锡问题分析与解决,高杉尚孝,data_analytics
黄宛临床心电图学,陈新 修订(人卫),family_doctor
黄家驷外科学,吴在德 等,family_doctor
黑天鹅,纳西姆·塔勒布,career_transition;generic_consulting;stock_trading
黑天鹅 The Black Swan,纳西姆·塔勒布,generic_consulting
黑客与画家,保罗·格雷厄姆,startup_advisory
黑布局,吴清源,board_game
默克兽医手册,Merck,pet_care
默克家庭诊疗手册,The Merck Manual,family_doctor
默克老年医学手册,Merck,elder_care
默克诊疗手册,The Merck Manual,health_checkup
